"product_name","positive_reviews"
"cello Pack of 18 Opalware Cello Dazzle Lush Fiesta Opalware Dinner Set, 18 Pieces Dinner SetÃÂ ÃÂ (White, Microwave Safe)","5267"
"Lakm?? Eyeconic Kajal Twin Pack??????????(Deep Black, 0.7 g)","4692"
"DOMS Pencil Smart Kit","1900"
"cello Pack of 18 Opalware Cello Dazzle Lush Fiesta Opalware Dinner Set 18 Pieces Dinner SetWhite Microwave Safe","1888"
"Lakm?? Eyeconic Kajal Twin Pack??????(Deep Black, 0.7 g)","1883"
"HAIR & CARE Triple Blend Damage Repair Non-Sticky Hair Oil with Aloe Vera, For Dry, Rough, & Frizzy Hair, Hair OilÐÓ®ÐÂ ÐÓ®ÐÂ (400 ml)","1844"
"Home Sizzler 153 cm 502 ft Polyester Room Darkening Window Curtain Pack Of 2Floral Brown","1840"
"SAMSUNG EVO Plus 64 GB MicroSDXC Class 10 95 MBs  Memory CardWith Adapter","1808"
"Mi 5A 80 cm (32 inch) HD Ready LED Smart Android TV with Dolby Audio (2022 Model)","1788"
"MILTON Thermosteel Flip Lid 500 ml FlaskPack of 1 Silver Steel","1776"
"Singer FM 1409 Electric Sewing MachineÐÒ?ÐÓ®ÐÂ ÐÒ?ÐÓ®ÐÂ ( Built-in Stitches 9)","1766"
"Mi 3i 10000 mAh Power Bank (Fast Charging, 18W)ÐÒ?ÐÓ®ÐÂ ÐÒ?ÐÓ®ÐÂ (Blue, Lithium Polymer)","1716"
"Canon EOS 3000D DSLR Camera 1 Camera Body, 18 - 55 mm Lens????????(Black)","1635"
"SAMSUNG 253 L Frost Free Double Door 3 Star RefrigeratorÐÒ?ÐÓ®ÐÂ ÐÒ?ÐÓ®ÐÂ (Elegant Inox, RT28A3453S8/HL)","1596"
"POCO C31 (Royal Blue, 64 GB)?ÐÒÐÒ?ÐÒÐÒ(4 GB RAM)","1560"
"LA VERNE Microfibre Stripes Cushion Pack of 3White","1555"
"Bajaj DX 2 LW Dry Iron","1540"
"BAJAJ 15 L Storage Water Geyser (Popular Plus 15 L, White)","1513"
"Pigeon Favourite Electric Kettle??????(1.5 L, Silver, Black)","1444"
"MarQ by Flipkart 18-Litre 18L1200W4HL Oven Toaster Grill (OTG) with 4 Skewers and Crumb TrayÐÓ®ÐÂ ÐÓ®ÐÂ (Black)","1397"
"CMerchants Multi Organiser BLue4 Book Shelf Metal Open Book ShelfFinish Color  BLUE DIYDoItYourself","1396"
"boAt Wave Neo with 1.69 inch , 2.5D Curved Display & Multiple Sports Modes SmartwatchÐÒ?ÐÓ®ÐÂ ÐÒ?ÐÓ®ÐÂ (Burgundy Strap, Free Size)","1327"
"VICTORY Professional Wrist Wrap Band , Wrist Strap For Gym and Fitness Wrist Support","1316"
"AGARO Regal Hand-held Vacuum CleanerÐÒ?ÐÓ®ÐÂ ÐÒ?ÐÓ®ÐÂ (Black)","1307"
"Google Nest Mini (2nd Gen) with Google Assistant Smart Speaker??????(Chalk)","1294"
"NIVIA Storm Football - Size: 5ÐÓ®ÐÂ ÐÓ®ÐÂ (Pack of 1, Multicolor)","1272"
"RIAN Animal Single Mink Blanket for  Mild WinterPolyester Brown Grey","1141"
"Men Regular Fit Black Cotton Blend Trousers","1134"
"Thomson Alpha 80 cm (32 inch) HD Ready LED Smart Linux TV with 30 W Sound Output & Bezel-Less DesignÐÒ?ÐÓ®ÐÂ ÐÒ?ÐÓ®ÐÂ (32Alpha007BL)","1071"
"PHILIPS MMS8085B/94 Convertible 80 W Bluetooth Home TheatreÐÓ®ÐÂ ÐÓ®ÐÂ (Black, 2.1 Channel)","993"
"APPLE iPad (9th Gen) 64 GB ROM 10.2 inch with Wi-Fi Only (Space Grey)","974"
"Crompton 75 L Desert Air Cooler??????(White, Teal, ACGC-DAC751)","955"
"Dettol Effective Protection Antiseptic LiquidÐÓ®ÐÂ ÐÓ®ÐÂ (1000 ml)","948"
"Tanunni Mobile Holder Mobile Holder","908"
"BAJAJ Crest Neo 1200 mm 3 Blade Ceiling Fan??????????(White, Pack of 1)","891"
"SportSoul Cotton Gym & Athletic Abdomen Support??????(Grey, Black)","885"
"ENVY Combo Perfume For Men 60ML + 60ML Eau de Parfum  -  120 ml??????(For Men)","864"
"boAt Rockerz 510 Super Extra Bass Bluetooth Headset??????(Molten Orange, On the Ear)","864"
"Seagate One Touch with Password Protection for Windows & Mac with 3 years Data Recovery Services - Portable 2 TB External Hard Disk Drive (HDD)??????????(Light Blue)","816"
"Butterfly Rapid Plus 750 W Mixer Grinder (5 Jars, Ink Blue)","795"
"cello ColourUp Hobby Bag of Assorted Stationery|Crayons, Sketch Pens, Oil Pastel, Gel pens, Mechanical Pencils, Clay with Kids Activity Book inside","755"
"Flipkart SmartBuy CFXB18 Electric Rice Cooker??????(1.8 L, White, Blue)","711"
"Prestige Plus Atlas 750 W Juicer Mixer Grinder (4 Jars, Blue, White)","707"
"APPLE 2020 Macbook Air M1 - (8 GB/256 GB SSD/Mac OS Big Sur) MGN93HN/AÐÒ?ÐÓ®ÐÂ ÐÒ?ÐÓ®ÐÂ (13.3 inch, Silver, 1.29 kg)","706"
"TP-Link Archer C20 AC WiFi 750 MBPS Wireless Router?ÐÒÐÒ?ÐÒÐÒ(Blue, Dual Band)","655"
"MAHARAJA WHITELINE 65 L Desert Air Cooler??????(White, Grey, Rambo Grey / AC-303)","651"
"BAJAJ 17 L Solo Microwave Oven1701MT White","637"
"Men Solid MidCalfCrewPack of 4","606"
"Bella vita organic Luxury Unisex Perfume Gift Set For Men & Women- 4x20 ML Eau de Parfum  -  80 ml??????(For Men & Women)","590"
"FLIPZON Baby 6 Shelve Unbreakable Material PVC Collapsible WardrobeFinish Color  Pink DIYDoItYourself","576"
"Haier 6.5 kg 5 star Ariel Wash Fully Automatic Top Load Brown, GreyÐÓ®ÐÂ ÐÓ®ÐÂ (HWM65-FE)","563"
"boAt 18W Power WCD QC3A Charger combo Compatible with Vivo,Oppo,Gionee,Xiomi,Redmi,realme,infinix,POCO,iphone,Samsung,Mi devices (Type C - Cable Included)?ÐÒÐÒ?ÐÒÐÒ(White, Cable Included)","563"
"WD 1.5 TB Wired External Hard Disk Drive (HDD)??????????(Black)","557"
"Catvision CSR-401HP WIFI Media Streaming Device????(Black)","551"
"Mi 22.5W Quick Charger combo for Mi,Redmi,Xiomi devices (Type C- Cable Included)?ÐÒÐÒ?ÐÒÐÒ(White)","549"
"PHILIPS HR183200 500 W Juicer 1 Jar Ink Black","544"
"Flipkart SmartBuy CFXB15 Electric Rice Cooker??????(1.5 L, White)","541"
"HP Pavilion Ryzen 5 Hexa Core AMD R5-5600H - (8 GB/512 GB SSD/Windows 10/4 GB Graphics/NVIDIA GeForce GTX 1650/144 Hz) 15-ec2004AX Gaming LaptopÐÒ?ÐÓ®ÐÂ ÐÒ?ÐÓ®ÐÂ (15.6 inch, Shadow Black, 1.98 kg)","539"
"Baby Boys  Baby Girls Casual Tshirt ShortsBlue","531"
"HP 680 Black Ink Cartridge","511"
"Bajaj GX1 500 W Mixer Grinder","510"
"Apple 20W ,USB-C Power Charging Adapter for iPhone, iPad & AirPods?ÐÒÐÒ?ÐÒÐÒ(White)","504"
"Mivi Fort S24 Soundbar with FM Mode and 2 full range drivers, Made in India 24 W Bluetooth SoundbarÐÒ?ÐÓ®ÐÂ ÐÒ?ÐÓ®ÐÂ (Black, 2.0 Channel)","500"
"Hindware Nevio Plus 60  Auto Clean Wall Mounted Chimney??????(Black 1400 CMH)","496"
"Infinix 10W Quick Charger combo for Infinx devices (MicroUSB - Cable Included)?ÐÒÐÒ?ÐÒÐÒ(White, Cable Included)","482"
"Hindware Ripple 90 Auto Clean Wall Mounted Chimney??????(Black 1350 CMH)","476"
"MOTOROLA 8 kg Smart Wi-Fi Enabled Inverter Technology Fully Automatic Top Load GreyÐÓ®ÐÂ ÐÓ®ÐÂ (80TLIWBM5DG)","462"
"Greenery Hub Home Garden Flowers Seeds 40 Varieties Seeds Combo With Instruction Manual Seed40 per packet","444"
"Baby Boys  Baby Girls Casual Tshirt ShortsYellow","440"
"Mivi Fort S16 Soundbar with 2 full range drivers, Made in India 16 W Bluetooth Soundbar??????(Black, 2.0 Channel)","437"
"Flipkart SmartBuy ISI Mark ShockProof  WaterProof 1500 W Immersion Heater RodWater","405"
"Butterfly Rapid 750 W Juicer Mixer Grinder (4 Jars, Black)","400"
"MarQ by Flipkart 8 kg 5 Star Engineered with Panasonic Technology Fully Automatic Top Load GreyÐÓ®ÐÂ ÐÓ®ÐÂ (MQFA80J5LG)","391"
"VGuard Prime 1150 Pure Sine Wave Inverter","389"
"OnePlus Bullets Wireless Z2 Bluetooth Headset??????(Acoustic Red, In the Ear)","388"
"Thomson Kitchen Master Pro MX03 750 W Juicer Mixer Grinder (6 Jars, Grey)","386"
"Aero Seeds 40 Varieties of Flower Combo Pack Seed2050 per packet","385"
"Fashion Tree TW12 Steel Toe Genuine Leather Safety Shoe??????????(Black, SB)","382"
"Home Sizzler 214 cm 702 ft Polyester Semi Transparent Door Curtain Pack Of 2Floral Brown","369"
"SAMSUNG 28 L Convection  Grill Microwave OvenMC28A5013AK Black","364"
"KENT Ace Extra/ Ace Alkaline 8 L RO  UV  UF  TDS Control  Alkaline  UV in Tank Water Purifier with Alkaline WaterÐÒ?ÐÓ®ÐÂ ÐÒ?ÐÓ®ÐÂ (White)","364"
"LIVPURE LIV-PEP-PRO-PLUS 7 L RO  UV  UF Water Purifier with Taste EnhancerÐÒ?ÐÓ®ÐÂ ÐÒ?ÐÓ®ÐÂ (White)","360"
"Pureit Advanced Plus RO? 7 L RO  MF Water PurifierÐÒ?ÐÓ®ÐÂ ÐÒ?ÐÓ®ÐÂ (Black)","359"
"I Kall IK22 40 W Bluetooth Home TheatreÐÓ®ÐÂ ÐÓ®ÐÂ (Black, 2.1 Channel)","352"
"Men  Women Striped Ankle LengthPack of 7","350"
"Eurodomo Hood Indigo PRO HC SC FL BK 60 Auto Clean Wall Mounted Chimney??????(Black 1200 CMH)","350"
"Butterfly Rapid Plus Wet Grinder with Coconut Scraper (Blue)?ÐÒÐÒ?ÐÒÐÒ(Ink Blue)","349"
"MANGALAM Camphor Tablet 100g Jar  Pack of 1","348"
"D-Link DIR-615 Wireless N 300 Router?ÐÒÐÒ?ÐÒÐÒ(Black, Single Band)","348"
"Mivi Fort S16 Soundbar with 2 full range drivers, Made in India 16 W Bluetooth SoundbarÐÒ?ÐÓ®ÐÂ ÐÒ?ÐÓ®ÐÂ (Black, 2.0 Channel)","347"
"LUMINOUS ZELIO 110012V Ecomm Pure Sine Wave Inverter","346"
"Mivi Roam2 5 W Bluetooth Speaker??????(Black, Mono Channel)","345"
"Microtek MTKAC90H Super Power Digital UPS Model 900 12V DG 800VA Square Wave Inverter","345"
"Mylab CoviSelf COVID-19 Rapid COVID-19 Rapid Antigen Kit (Home-based/self)","336"
"IFB 23 L Convection Microwave Oven23SC3 Silver","332"
"ASUS TUF Gaming F15 Core i5 10th Gen - (8 GB/512 GB SSD/Windows 11 Home/4 GB Graphics/NVIDIA GeForce GTX 1650/144 Hz) FX506LHB-HN358W Gaming LaptopÐÒ?ÐÓ®ÐÂ ÐÒ?ÐÓ®ÐÂ (15.6 inch, Black Plastic, 2.30 kg kg)","329"
"Mi ACM2AA Portable Room Air PurifierWhite","323"
"Men Slim Fit Black Cotton Blend Trousers","321"
"Dhawani Skating Shoe have different size and with PU LED wheel In-line Skates - Size 38 - 41 UK In-line Skates - Size 6-9 UK??????????(Blue)","319"
"Adrenex by Flipkart Big Bang 6 inch x 26.5 inch Skateboard??????????(Multicolor, Pack of 1)","318"
"realme Pad X 6 GB RAM 128 GB ROM 11 inch with Wi-Fi Tablet (Glowing Grey)","317"
"Butterfly Rhino Plus Wet Grinder?ÐÒÐÒ?ÐÒÐÒ(Grey)","312"
"Ozarro Black Canvas Light Weight Steel Toe Safety Shoes (S4420) Steel Toe Canvas Safety Shoe??????(Black, S1)","303"
"Furnifry Wooden TV Entertainment UnitWall Set Top Box Shelf StandTV Unit Bedroom Engineered Wood TV Entertainment UnitFinish Color  Black and Walnut DIYDoItYourself","302"
"EUREKA FORBES Trendy Zip Dry Vacuum Cleaner with Reusable Dust BagÐÒ?ÐÓ®ÐÂ ÐÒ?ÐÓ®ÐÂ (Red & Black)","302"
"Noise ColorFit Icon 2 1.8 Display, Bluetooth Calling, AI Voice Assistance SmartwatchÐÒ?ÐÓ®ÐÂ ÐÒ?ÐÓ®ÐÂ (Blue Strap, Regular)","301"
"NOVA Submersible NIH 43005 1500 W Immersion Heater RodWater","298"
"realme Pad X 6 GB RAM 128 GB ROM 11 inch with Wi-Fi Tablet (Glacier Blue)","294"
"MarQ by Flipkart 33-Litre 33AOTMQB Oven Toaster Grill (OTG) with 4 Skewers and Inbuilt lightÐÓ®ÐÂ ÐÓ®ÐÂ (Black)","288"
"Baby Boys  Baby Girls Casual Tshirt PantBlack","278"
"Bella vita organic OUD PARFUM Intense Perfume For Men & Women with Long Lasting Fragrance 100 ML Perfume  -  100 ml??????(For Men & Women)","273"
"LG 20 L Solo Microwave OvenMS2043DB Black","271"
"ZEBRONICS Zeb-Vita Plus 16 W Bluetooth Laptop/Desktop Speaker??????(Black, Stereo Channel)","271"
"MSI Core i5 11th Gen - (8 GB/512 GB SSD/Windows 10 Home/4 GB Graphics/NVIDIA GeForce RTX 3050/144 Hz) GF63 Thin 11UC-867IN Gaming LaptopÐÒ?ÐÓ®ÐÂ ÐÒ?ÐÓ®ÐÂ (15.6 Inch, Black, 1.86 Kg)","271"
"SHF Cotton Door MatMulticolor Medium Pack of 5","268"
"HERSHEY'S Cocoa Powder","266"
"LEADER TORFIN 26T MTB Bicycle without Gear Single Speed with FS DD Brake 26 T Mountain CycleÐÓ®ÐÂ ÐÓ®ÐÂ (Single Speed, Black, Green)","263"
"FLIPZON Baby 6 Shelve Unbreakable Material PVC Collapsible WardrobeFinish Color  Blue DIYDoItYourself","263"
"SAMSUNG Original 25W , USB -C Compatible Power Adaptor for all Samsung Devices (Fast Charge 2.0)?ÐÒÐÒ?ÐÒÐÒ(White)","262"
"Spotzero by Milton Prime Spin Mop","261"
"Revital Men Multivitamin with Calcium, Zinc & Ginseng for Immunity, Strong Bones & EnergyÐÓ®ÐÂ ÐÓ®ÐÂ (30 Capsules)","260"
"RedShell High Quality 2000 W Shock Proof Immersion Heater RodWater","258"
"Hillgrove 10in1 Basic 25W Soldering Iron Kit with 5 Meter Solder Wire Cutter Stand Flux Bit Tape Tester Tweezer Wick 25 W SimpleFlat Pointed Tip","257"
"AutoKraftZ Most Popular Sun UV Protection Arm Sleeves for Men Women Cycling GlovesÐÓ®ÐÂ ÐÓ®ÐÂ (Black)","253"
"Aroma NB119 Titanium - 48 Hours Playtime Bluetooth Neckband Bluetooth Headset??????(Green, In the Ear)","250"
"CAPIO ART GEOMETRIC multipurpose design Wood Key Holder8 Hooks Brown","246"
"ASUS VivoBook 15 (2022) Core i3 10th Gen - (8 GB/512 GB SSD/Windows 11 Home) X515JA-EJ362WS | X515JA-EJ392WS Thin and Light LaptopÐÒ?ÐÓ®ÐÂ ÐÒ?ÐÓ®ÐÂ (15.6 inch, Transparent Silver, 1.80 kg, With MS Office)","246"
"Glun Water Quality Purity Tester 0-990 PPM Digital TDS Meter","246"
"SHF Cotton Floor MatMulticolor Medium Pack of 5","243"
"LEADER Scout 26T SEA Blue BLACK for Ride 26 T Mountain CycleÐÓ®ÐÂ ÐÓ®ÐÂ (Single Speed, Blue, Black)","243"
"Furnifry Wooden TV Entertainment UnitWall Set Top Box Shelf StandTV Cabinet for Wall Engineered Wood TV Entertainment UnitFinish Color  White and Walnut DIYDoItYourself","241"
"Inalsa Fiesta Lx 650 W Food Processor??????????(White)","240"
"BAJAJ Fx11 Food Factory 600 W Food Processor??????????(White)","231"
"Pack of 2 Men Solid Black Grey Track Pants","230"
"APPLE iPad (9th Gen) 64 GB ROM 10.2 inch with Wi-Fi Only (Silver)","228"
"Furnifry Wooden Wall Mounted TV StandTV Entertainment UnitTV Cabinet with Utility Shelves for SetTop Box  Decorative ObjectsSetTop Box StandIdeal for Up to 42 Accessories Included Engineered Wood TV Entertainment UnitFinish Color  Black and Brown DIYDoItYourself","227"
"Furnifry Wooden Wall Mounted TV Entertainment UnitTV StandTV CabinetSetTop Box Stand Engineered Wood TV Entertainment UnitFinish Color  Grey and White DIYDoItYourself","227"
"Microtek MTKAA70H Microtek EB 700 Square Wave Inverter","222"
"AGARO Imperial Slow Juicer 240 Juicer Grey","222"
"Atomberg Renesa 1200 mm BLDC Motor with Remote 3 Blade Ceiling Fan??????????(Ivory & Black, Pack of 1)","221"
"SAMSUNG 198 L Direct Cool Single Door 4 Star Refrigerator with Base DrawerÐÒ?ÐÓ®ÐÂ ÐÒ?ÐÓ®ÐÂ (Camellia Blue, RR21T2H2XCU/HL)","220"
"Dallao Waterproof Remote Controlled Rock Crawler RC Monster Car With Wheel Remote , 4 Wheels , 1 Stepnee, , 1:20 scale?ÐÒÐÒ?ÐÒÐÒ(Multicolor)","220"
"Microtek MTKBD11S Pure Sine Wave Inverter Pure Sine Wave Inverter","220"
"TW0TG7304 Analog Watch   For Men","219"
"Pureit Max Water Saver 10 L RO  UV  MF Water Purifier with Eco Recovery TechnologyÐÒ?ÐÓ®ÐÂ ÐÒ?ÐÓ®ÐÂ (Black, White)","218"
"ZANDU Balm (25 ml) Pack Of 3 BalmÐÓ®ÐÂ ÐÓ®ÐÂ (3 x 25 ml)","213"
"HP 678 Black Ink Cartridge","212"
"Mi 18W Quick Charger for Mi,Redmi,Xiomi devices?ÐÒÐÒ?ÐÒÐÒ(Black)","212"
"Aero Seeds Aero Seeds 45 Varieties 2700 seedsOrganicHybrid Fruits  Vegetables Seed with Start your own Garden Seed4000 per packet","211"
"Track Pant For Baby Boys  Baby GirlsMulticolor Pack of 5","211"
"OnePlus Bullets Wireless Z2 with Fast Charge, 30 Hrs Battery Life, Earphones with mic Bluetooth Headset??????(Magico Black, In the Ear)","211"
"HL2022 New Trending Full Black Round Waterproof Gym Fitness Freek HL2022DTL Digital Watch   For Men","210"
"Kadio Analog 20 cm X 20 cm Wall ClockBeige With Glass Standard","207"
"KENT Aura Portable Room Air PurifierPink","207"
"ASUS TUF Gaming A17 with 90Whr Battery Ryzen 5 Hexa Core AMD R5-4600H - (8 GB/512 GB SSD/Windows 11 Home/4 GB Graphics/NVIDIA GeForce GTX 1650/144 Hz) FA706IHRB-HX041W Gaming LaptopÐÒ?ÐÓ®ÐÂ ÐÒ?ÐÓ®ÐÂ (17.3 Inch, Graphite Black, 2.60 Kg)","207"
"boAt Aavante Bar 2000 160 W Bluetooth SoundbarÐÒ?ÐÓ®ÐÂ ÐÒ?ÐÓ®ÐÂ (Premium Black, 2.1 Channel)","207"
"Google Chromecast 3 Media Streaming Device????(Black)","205"
"sanyasi ayurveda Sanyasi Sehat Tablet - Ayurvedic Medicine For Weight Gain","204"
"LS2821 Bleed Blue Day and Date Functioning Strap Adult Quartz Analog Watch   For Men","200"
"mi star water proof copper blue 2000 2000 W Shock Proof Immersion Heater Rodwater","199"
"Hindware Ripple 90 Auto Clean Wall Mounted Chimney??????(Inox 1350 CMH)","198"
"KENT Ace 8 L RO  UV  UF  TDS Water Purifier with Mineral ROTM Technology,In-tank UV DisinfectionÐÒ?ÐÓ®ÐÂ ÐÒ?ÐÓ®ÐÂ (White)","198"
"The Answer Writing Manual For UPSC Civil Services Exam  State PSC By Srushti Deshmukh IASPaperback Srushti Deshmukh IAS","198"
"Otoroys Aroma Car Freshener150 ml","196"
"limraz furniture L 56 Engineered Wood Study TableFree Standing Finish Color  brown Preassembled","196"
"Google 30W - 5A ,USB-C,Power Adaptor for Google devices?ÐÒÐÒ?ÐÒÐÒ(White)","195"
"Shri Ram Charit Manas Gita Press Gorakhpur  ShriRamCharitManas  ShriRamCharit Manas  Shri RamCharitManas  Shri RamCharit ManasHardcover Hindi Shri Goswami Tulsidas","192"
"realme TechLife 7.5 kg 5 Star Rating Semi Automatic Top Load Black, GreyÐÓ®ÐÂ ÐÓ®ÐÂ (RMSA755NNNDG)","191"
"Dinine Craft Set of 4 Showpiece for Home Decor Handicraft Showpiece for Table office Decor Small Statue of 4 Baby Monk Buddha Handicraft Showpiece for Modern Interior Multi color Handicraft Showpiece Decorative Showpiece    4 cmPolyresin Multicolor","189"
"FLORICAN Height and Angle Adjustable Mobile Holder","189"
"Mi 4A Wireless MU-MIMO Gigabit 1200 Mbps Router?ÐÒÐÒ?ÐÒÐÒ(White, Dual Band)","188"
"Copper String LED light 10 MTR 100 LED USB Operated Decorative Lights 100 LEDs 10 m Yellow Rice LightsPack of 1","185"
"TITIRANGI 4 Pack 4WD Monster Truck Cars,Push and Go Toy Trucks Friction Powered Cars 4 Wheel Drive Vehicles for Toddlers Children Boys Girls Kids Gift-4PCS?ÐÒÐÒ?ÐÒÐÒ(Multicolor)","184"
"BAJAJ 3 L Instant Water Geyser (Ivora/ flora, White)","184"
"Urban Terrain Denver with Complete Accessories & Mobile Tracking App 27.5 T Hybrid Cycle/City BikeÐÓ®ÐÂ ÐÓ®ÐÂ (Single Speed, Silver, Black)","183"
"Urban Terrain Berlin with Complete Accessories & Mobile Tracking App 27.5 T Hybrid Cycle/City BikeÐÓ®ÐÂ ÐÓ®ÐÂ (Single Speed, Black, Blue)","183"
"Theme My Party Printed Birthday decoration combo kit birthday combo BalloonMulticolor Pack of 59","182"
"Urban Terrain Rio with Complete Accessories & Mobile Tracking App 26 T Hybrid Cycle/City BikeÐÓ®ÐÂ ÐÓ®ÐÂ (Single Speed, Yellow, Black)","181"
"TW00ZR347 Analog Watch   For Men","181"
"AGAMI Green 2 Layer Lucky Bamboo plant with Big Round Glass Pot and Colored Jelly Balls Seed1 per packet","179"
"SUJATA by SUJATA Powermatic 900 W Juicer 1 Jar White","177"
"LCS8188 TRENDING DAY  DATE FUNCTIONING Analog Watch   For Men","176"
"thos 5 Layer Simple BookshelfMultipurpose RackChildren BookcasesFile Rack for OfficeStorage OrganizerCabinet Shelves for Bedroom Office Living Room Metal Open Book ShelfFinish Color  Grey DIYDoItYourself","175"
"Samanya Budhi Avum Tarkshakti Parikshan PaperbackPaperback Hindi RK Jha","174"
"Toyvala Unique Robot Deform Super Speed Car With 3D Special Light (Yellow)?ÐÒÐÒ?ÐÒÐÒ(Multicolor)","174"
"Cosmic Byte CB-GK-05 Titan with Aluminum Body, Rainbow Backlit Keycaps, Braided Cable Wired USB Gaming KeyboardÐÒ?ÐÓ®ÐÂ ÐÒ?ÐÓ®ÐÂ (Black)","174"
"furlay Engineered Wood Study TableFree Standing Finish Color  Black Walnut Shelf DIYDoItYourself","174"
"SSTOYS 3D Fast Modern Car?ÐÒÐÒ?ÐÒÐÒ(Multicolor)","173"
"Baby Girls PartyFestive Dress SlingbagMulticolor","171"
"LA VERNE Microfibre Stripes Cushion Pack of 5White","169"
"MOTOROLA AmphisoundX Atom with HDMI Arc 120 W Bluetooth SoundbarÐÒ?ÐÓ®ÐÂ ÐÒ?ÐÓ®ÐÂ (Black, 2.1 Channel)","168"
"SONY Mega Bass Xs-Fb162e Coaxial Car Speaker??????(260 W)","167"
"Arpita Crafts Wooden 2 Pocket Pen Stand Om Swastik 8 Hook Brown Wood Key Holder Wood Key Holder8 Hooks Brown","167"
"GLOBAL GREEN Dragon TreeHybrid Pack of 5","167"
"HAVELLS Rigo without jars 0 jars 500 W Juicer White Blue","166"
"Mivi Fort S100 with 2 in-built subwoofers, Made in India 100 W Bluetooth SoundbarÐÒ?ÐÓ®ÐÂ ÐÒ?ÐÓ®ÐÂ (Black, 2.2 Channel)","165"
"SUSI Jewelery OrganizersRed Plastic","164"
"Flipkart Perfect Homes Webster TV Entertainment UnitFinish Color  Wenge Knock Down","164"
"Futurekart Ear Plugs Soft Silica Gel Noise Ear Plug??????????(Multicolor)","163"
"Dr Ortho Knee Cap for Pain Relief, Sports, Gym, Exercise, Running for Men & Women Knee Support","163"
"Fashion Deck H Non-electric 2 L Hot Water Bag??????(Green)","162"
"CEAT Hitman Full Size Double Blade Poplar Cricket Bat - Advance Play Poplar Willow Cricket  Bat??????(1.2 kg)","162"
"FULL BLACK FANCY DIAL SPORT PU BELT WATCH  KING BRECELET PACK OF 3 Analog Watch   For Men","162"
"Flipkart Perfect Homes Dalton Engineered Wood Study TableFree Standing Finish Color  Dark Wenge Knock Down","162"
"Fresh Zone Polyester Door MatMulticolor Medium Pack of 5","161"
"F FERONS Wireless rechargeable portable Premium bass Multimedia FFRTG-113 9 W Bluetooth Speaker??????(Black, Stereo Channel)","159"
"SOFTSPUN Microfiber Vehicle Washing  ClothPack Of 4 340 GSM","159"
"boAt Aavante Bar 500 Portable Soundbar 10 W Bluetooth SoundbarÐÒ?ÐÓ®ÐÂ ÐÒ?ÐÓ®ÐÂ (Black, Mono Channel)","158"
"BOSCH SMS66GI01I Free Standing 13 Place Settings Intensive Kadhai Cleaning| No Pre-rinse Required Dishwasher","158"
"COSCO Kick Football - Size: 5ÐÓ®ÐÂ ÐÓ®ÐÂ (Pack of 1, Blue)","157"
"Lenovo IdeaPad Gaming Core i5 11th Gen - (8 GB/512 GB SSD/Windows 11 Home/4 GB Graphics/NVIDIA GeForce GTX 1650) 82K101B6IN|82K101FTIN Gaming LaptopÐÒ?ÐÓ®ÐÂ ÐÒ?ÐÓ®ÐÂ (15.6 Inch, Shadow Black, 2.25 kg)","156"
"Simple Trending PP Collapsible WardrobeFinish Color  Navyblue DIYDoItYourself","156"
"UPC Upgraded Hands Free Squeeze Microfiber Flat Spin Mop 360 Flexible Head  Green Mop Set Bucket","155"
"IWS Printed Double Mink Blanket for  Mild WinterMicrofiber Black","155"
"Trixzoom Solid Ultimate Pastel Rose Gold Happy Birthday Decoration Set  119 Pcs Kit  Rosegold Happy Birthday Pastel  Metallic Balloons Heart Shape Balloons Tassels Pump  LED Lights Balloon BouquetMulticolor Pack of 119","155"
"Portronics POR-122 MODESK Universal Mobile Holder (Black) Mobile Holder","155"
"Candes Florence 1200 mm Energy Saving 3 Blade Ceiling Fan??????????(Silver Blue, Pack of 2)","155"
"Nea 2L Rubber Hot/Warm Water Bag for Pain Relief & Massager Non Electrical 2 L Hot Water Bag??????(Red)","154"
"DULCET DC-F200X 220W High Power Stereo Output Universal Fit Double Din Mp3 Car Stereo with Hands-Free Calling, Bluetooth, USB Input FM Radio, AUX Input, SD Card Slot, Remote Control, 7 Color LCD Display, ID3 Tag with EQ, Bass, Treble Balance & Fader Control DC-F200X Car Stereo??????(Double Din)","153"
"S  K Store Carbon Steel Collapsible WardrobeFinish Color  Black DIYDoItYourself","153"
"Kadio Analog 20 cm X 20 cm Wall ClockWhite With Glass Standard","153"
"Midea TORRINO,WQP12-5201F Free Standing 13 Place Settings Intensive Kadhai Cleaning| No Pre-rinse Required Dishwasher","152"
"D-Link DIR-825 AC1200 Wi-Fi Gigabit 1200 Mbps Wireless Router?ÐÒÐÒ?ÐÒÐÒ(Black, Dual Band)","151"
"SAMSUNG 23 L Solo Microwave OvenMS23A301TAK Black","151"
"Fashion Tree TW12 Steel Toe Genuine Leather Safety Shoe??????(Black, SB)","150"
"HARIOM ALL IN ONE Solid Wood Study TableFinish Color  SPIDERMAN BUILDING Preassembled","149"
"CRAFTIFY High Quality 1500 W Immersion Heater RodWater","148"
"SportSoul Cotton Gym & Athletic Abdomen Support??????(Blue)","148"
"Canon PG47 Ink Catridge","147"
"IFB Neptune VX Free Standing 12 Place Settings with Germ-Free Hygienic Wash, Made for Indian Kitchens, Steam Drying, Energy Efficient Dishwasher","147"
"Sheen Wet and Dry Microfiber Cleaning Cloth10 Units","145"
"Nea Electric Hot Water (With Filled Gel) Warm Bag for Pain Relief & Massager Electrical 1 L Hot Water Bag??????(Red, White)","145"
"SportSoul Cotton Gym & Athletic Abdomen Support??????????(Black, Blue)","145"
"SportSoul Cotton Gym & Athletic Abdomen Support??????????(Blue)","145"
"Principles Of Indian Geography English  1st Edition For UPSC CSE Prelims  Mains By Study IQPaperback StudyIQ Publications","142"
"ScotchBrite Sponge WipeLarge Pack of 3","142"
"Kadio Analog Silver Clock","142"
"PRAGATI TRENDS Lab Coat??????(Poly Cotton)","140"
"Sulfur Best Buy Ultra DJ Sound Blast Portable Best Bluetoothwith Super deep Bass Wireless Rechargeable dj Sound Bluetooth| Extra Baas Stereo sound quality |Led Colour Changing Lights | mini Home theatre| Speaker Support TF/USB/Pen Drive/AUX Slot 10 W Bluetooth Car Speaker??????(Black, Stereo Channel)","139"
"Flipkart SmartBuy 10W Fast Charger , Compatible with Vivo,Oppo,Gionee,Xiomi,Redmi,realme,infinix,POCO,iphone,Samsung,Mi devices (MicroUSB - Cable Included)?ÐÒÐÒ?ÐÒÐÒ(Black, Cable Included)","139"
"Flipkart SmartBuy Leak Proof Pain Relief Non Electrical 2 L Hot Water Bag??????(Blue)","139"
"Pigeon Favourite 15024 500 W Juicer Mixer Grinder (4 Jars, White)","138"
"Hiru Party Light  50W RGB LED Brick Light Remote IP65 LED Flood Light Flood Light Outdoor LampMulticolor Blue Red Pink Yellow","138"
"I Kall IK22 40 W Bluetooth Home Theatre??????(Black, 2.1 Channel)","138"
"JustandKrafts 75 L Blue Laundry BasketCotton","137"
"Google Nest Mini (2nd Gen) with Google Assistant with Google Assistant Smart Speaker??????(Charcoal)","137"
"Adonai POT1.5LPINK Rice Cooker, Food Steamer, Travel Cooker, Slow Cooker, Electric Pressure Cooker??????(1.5 L, Pink)","137"
"MAGICAL Floral Single Mink Blanket for  Heavy WinterMicrofiber Brown","136"
"NIRVA High Pressure Brass Hose Nozzle Adjustable Water Spray gun for car Motorbike And Any Vehicle Cleaning  For Gardening For Washing  Forced Pichkari  With Best Quality with Hose Clamp Spray Gun","134"
"IFB Neptune SX1 Free Standing 15 Place Settings with Germ-Free Hygienic Wash, Made for Indian Kitchens, Steam Drying, Energy Efficient Dishwasher","133"
"BLUECHIP BL55SmartTV2.1Amp TV Voltage Stabilizer for LED TV/Smart TV Up to 55 Inches + Set Top Box + home theater??????(Sea-Green)","132"
"WD Elements 2 TB Wired External Hard Disk Drive (HDD)??????????(Black)","132"
"BlackBook Of Samanya Jagrukta General Awareness  Hindi March 2022 By Nikhil GuptaPaperback Hindi NIKHIL GUPTA","131"
"NOVA Submersible NIH 426 Instant Heat 1500 W Immersion Heater Rodwater","131"
"Hello Baby Fabric SofaFinish Color  sky blue Preassembled","130"
"Woodbuzz Engineered Wood Study TableFree Standing Finish Color  Wenge Brown DIYDoItYourself","130"
"KJR32 KJR32 Analog Watch   For Men","129"
"Lenovo IdeaPad 3 Ryzen 5 Hexa Core 5500U - (8 GB/512 GB SSD/Windows 11 Home) 15ALC6 Thin and Light LaptopÐÒ?ÐÓ®ÐÂ ÐÒ?ÐÓ®ÐÂ (15.6 inch, Arctic Grey, 1.65 kg, With MS Office)","128"
"Sarika Enterprises Mickey Mouse Shaped Soft Plush Cushion Fabric SofaFinish Color  Black Preassembled","127"
"BLUECHIP 100% Copper BL72SmartTV3.2Amp TV Voltage Stabilizer for LED TV/Smart TV Up to 72 + Inches + Set Top Box + home theater , With 3 Years Warranty ( 100% Copper )??????(Black, Gold)","126"
"Dallao Waterproof Remote Controlled Rock Crawler RC Monster Car With Wheel Remote , 4 Wheels , 1 Stepnee, , 1:20 scale?ÐÒÐÒ?ÐÒÐÒ(Blue)","125"
"1170BLBR Unique New Day  Date Analog Watch   For Men","125"
"gyzmofreakz 3.5mm Clip Microphone For Youtube | Collar Mike for Voice Recording | Lapel Mic Mobile, PC, Laptop, Android Smartphones, DSLR Camera Microphone microphone??????(Black)","124"
"Voltas Beko DF14W Free Standing 14 Place Settings Intensive Kadhai Cleaning| No Pre-rinse Required Dishwasher","123"
"Ang Refill kit Compatible Dye ink for HP cartridge 805, 803, 680, 678, 682, 818, 802, 901, 703, 704, 46, 21, 22, 27, 28, 56, 57, canon 88, 98 Cartridges 4 Refill ink bottle_With 5 Syringe & 1 nos Suction Tool Kit set 2 set hand glove ND tissue paper Black  Tri Color Combo Pack Ink Cartridge","123"
"thos 5 Layer Simple BookshelfMultipurpose RackChildren BookcasesFile Rack for OfficeStorage OrganizerCabinet Shelves for Bedroom Office Living Room Metal Open Book ShelfFinish Color  Black DIYDoItYourself","123"
"Shopfloor.XYZ 3.5mm Clip Microphone For Youtube, Collar Mike For Voice Recording, Lapel Mic Mobile, Pc, Laptop, Android Smartphones, Dslr Camera Clip On Mini Lapel Lavalier Microphone??????(Black)","122"
"Sument USB Decoration Star Light Projector LightDisco LightCar Night Lamp Decorations With Bedroom Romantic Mood Atmosphere Fit Car Party and More Shower Laser LightBall Diameter 15 cm","121"
"HF MRF GRAND Edition VK - 18 Full Size ( Ideal For 15-21 Years ) Complete Cricket Kit","117"
"BAJAJ Crest Neo 1200 mm 3 Blade Ceiling Fan??????????(Brown, Pack of 1)","117"
"Adrenex by Flipkart Drift 100BK Quad Roller Skates - Size 1-7 UK??????????(Black)","116"
"Habitat Green Plastic Area Rug45 cm  X 120 cm Rectangle","116"
"LUMINOUS Power Sine 800 Pure Sine Wave Inverter","116"
"SHF Velvet Door MatMulticolor Large Pack of 5","115"
"LS2734 Wolf Gents Exclusive Mesh Strap Analog Analog Watch   For Men","115"
"Prestige PWG 07 Wet Grinder?ÐÒÐÒ?ÐÒÐÒ(Black)","114"
"Ebee Engineered Wood Computer DeskModular Finish Color  Wenge DIYDoItYourself","114"
"WDIZE Magic Book For Kids ( 4 Book + 10 Refill + 1 Pen + 1 Grip )","114"
"Mayne Flying Remote Control RC Induction Type 2-in-1 Indoor Outdoor Helicopter?ÐÒÐÒ?ÐÒÐÒ(Multicolor)","111"
"Electronic Spices Tweeter 1.5-inch 240 Watts Max Dome Tweeters with Mounting Kit Angle, BLACK, Surface Set of 2 Tweeter Car Speaker??????(240 W)","111"
"HERO Skyper 26T 26 T Mountain/Hardtail CycleÐÓ®ÐÂ ÐÓ®ÐÂ (Single Speed, Black)","111"
"IFB Neptune VX Plus Free Standing 15 Place Settings with Germ-Free Hygienic Wash, Made for Indian Kitchens, Steam Drying, Energy Efficient Dishwasher","109"
"cello Pack of 18 Opalware Cello Dazzle Tropical Lagoon Opalware Dinner Set 18 Pieces Dinner SetWhite Microwave Safe","108"
"MRF ENDORSED | for Light/Hard Tennis Ball [with Cover] | Full Size (SH) Natural Poplar Willow Cricket  Bat??????????(1000-1200 g)","107"
"Butterfly Rhino 2 Ltr Wet Grinder?ÐÒÐÒ?ÐÒÐÒ(Cherry Red)","106"
"Mayne Exceed Helicopter With Remote Control Charging Helicopter Toys For Boys?ÐÒÐÒ?ÐÒÐÒ(Multicolor)","105"
"BOSCH SMS66GW01I Free Standing 13 Place Settings Intensive Kadhai Cleaning| No Pre-rinse Required Dishwasher","105"
"Seagate Expansion for Windows and Mac with 3 years Data Recovery Services ?????? Portable 1 TB External Hard Disk Drive (HDD)??????????(Black)","103"
"TP-Link Archer C6 MU-MIMO Gigabit 1200 Mbps Wireless Router?ÐÒÐÒ?ÐÒÐÒ(Black, Dual Band)","101"
"Crompton Hill Briz Deco 1200 mm 3 Blade Ceiling Fan??????????(Smoked Brown, Pack of 1)","100"
"PHILIPS HR7627/00 650 W Food Processor??????????(White)","100"
"Butterfly Rapid Kettle 1.5 Litre + Eco 750 Ml Water Bottle","100"
"Sound Boss Androidify 3rd Generation 9"" Inch Android (2GB/16GB) Car Stereo??????(Double Din)","100"
"KareIn Classic Pant Style Adult Diapers - M??????(10 Pieces)","99"
"Embroco Polyester Fibre Solid Cushion Pack of 5White","99"
"US DZIRE  512 Ganeshji craft Ceiling light wooden lamp shade With Bulb Hanging Night Lamp For Home Dcor office hotel Restaurant Pendants Ceiling LampYellow Brown","98"
"BD Chaurasias Human Anatomy 8th Edition 2019 Volume 1 2 34Paperback BD Chaurasia","98"
"Airtel Regular Digital TV DTH Remote Compatible with SD and HD Recording (Black) Airtel Remote Controller??????(Black)","98"
"HARIOM ALL IN ONE Solid Wood Study TableFinish Color  KITTY PINK Preassembled","97"
"BD Chaurasias Human Anatomy 8th Edition 2019 Volume 1 2 34Paperpack BD Chaurasia","97"
"LUMINOUS Vento Dlx 150 mm 5 Blade Exhaust Fan??????????(White)","97"
"HARIOM ALL IN ONE Solid Wood Study TableFinish Color  ABCD KALAM Preassembled","97"
"HARIOM ALL IN ONE Solid Wood Study TableFinish Color  MOTU PATLU Preassembled","97"
"PAPILON 10 Shades Of Liquid Food Color (20 Ml X 10 Bottle) MulticolorÐÓ®ÐÂ ÐÓ®ÐÂ (20 ml)","96"
"Chhariya Crafts Metal Krishna with Cow Standing Under Tree Plying Flute Decorative Showpiece    17 cmMetal Gold","96"
"Prestige CleanHome Fruit and Vegetable Cleaner (P0Z 1.0 ) 230 Volts Food Processor??????????(White and Blue)","96"
"DOMS Art Strokes Kit","96"
"Google Nest Hub (2nd gen), Display with Google Assistant Smart Speaker??????(Charcoal)","96"
"ELV Portable Aluminium Mobile Stand Holder With Convenient Charging for Tablet and Smartphones Mobile Holder","96"
"Educart Class 10 Sample Paper 2022 23 CBSE Maths  Science  SST  English 2023Paperback Educart  Sanjiv Sir","95"
"RSV Jewelery OrganizersRed Plastic","95"
"Railway General Science  GK 11000Question Previous Question  Practice Set NTPC Group DPaperback Hindi Khan Sir","95"
"realme Smart Tv Stick Media Streaming Device????(Black)","95"
"Nova Plus Amaze NI 10 1100 W Dry IronGrey  Turquoise","95"
"Glemora ISO Certified 100 Units Disposable 3 Ply Pharmaceutical Breathable Surgical Premium Black Disposable mask Non-Reusable Surgical Mask With Melt Blown Fabric Layer??????(Black, Free Size, Pack of 100, 3 Ply)","94"
"New Combo Of Square Dial Black and White Silicone Strap Analog Watch   For Men","94"
"US DZIRE Pendants Ceiling LampBrown","93"
"Lighthouse 3 Lights Round Cluster Chandelier Black Diamond Hanging Pendant Light with Braided Cord Bulb Not Includedset of 1 piece Pendants Ceiling LampBlack","93"
"Qubo Smart Cam 360 Q100 by HERO GROUP 1080p FHD WiFi CCTV with Intruder Alarm System Security Camera","92"
"SUSI by SUSI Jewelery OrganizersGreen Plastic","92"
"Saral Home Jute Door MatGreen Medium Pack of 3","91"
"Mi 10W Fast Charger combo for Mi,Redmi,Xiomi devices (MicroUSB - Cable Included)?ÐÒÐÒ?ÐÒÐÒ(Black, Cable Included)","91"
"ArrowMax Professional Anti-slip Fitness (Black , pack of 2 ) Easy comfort Wrist Support??????(Black)","91"
"HRX XTRM MTB 900 Foldable 27.5 T Mountain CycleÐÓ®ÐÂ ÐÓ®ÐÂ (21 Gear, Multicolor)","91"
"Urban Terrain BOLT UT5000S26 Steel MTB-Disc Brakes, Free Installation & OneFitPlus App Tracking 26 T Mountain CycleÐÓ®ÐÂ ÐÓ®ÐÂ (Single Speed, Green)","91"
"Sarvatr 20 Watt 4 Fan Blade Shape led Bulb Pendants Ceiling LampWhite","90"
"USHA FP 3810_ 1000 W Food Processor??????????(Black, Silver)","90"
"Seagate One Touch with Password Protection for Windows & Mac with 3 years Data Recovery Services - Portable 1 TB External Hard Disk Drive (HDD)??????????(Space Gray)","90"
"NEUDOT RELISH Engineered Wood Computer DeskStraight Finish Color  TEAK Knock Down","90"
"HP GK320 Wired USB Gaming KeyboardÐÒ?ÐÓ®ÐÂ ÐÒ?ÐÓ®ÐÂ (Black)","90"
"HP 805 Tri-Color Ink Cartridge","90"
"Hillgrove 10in1 Biggers 25W Soldering Iron Kit 25 W SimpleFlat Pointed Tip","89"
"Pediasure Complete Balanced Nutrition to Help Kids Grow Nutrition DrinkÐÓ®ÐÂ ÐÓ®ÐÂ (2x0.5 kg, Vanilla Flavored)","89"
"Fundamentals Of Geography By Study IQPaperback StudyIQ Publications","89"
"DBRW385DBRWN Day and Date Boys  Mans Stylish Analog Day  Date Analog Watch   For Men","89"
"mobspy 3.5mm Clip Microphone For Youtube | Collar Mic for Voice Recording | Lapel Mic Mobile, PC, Laptop, Android Smartphones, DSLR Camera Microphone Microphone collar mic??????(Black)","88"
"YONEX GR 303 F Blue Strung Badminton RacquetPack of 1 95 g","88"
"VICTORY Heavy Plastic Cricket Stumps Set??????(Blue)","87"
"Ozarro Black Genuine Leather Steel Toe Safety Shoe (S4422) Steel Toe Genuine Leather Safety Shoe??????(Black, S1)","87"
"Cycle Om Shanthi Navin Cup Sambrani With Resin  Benzoin Fragrance  Pack Of 412 Set of 4","87"
"Ace Reasoning Ability For Banking And Insurance Book 2021 Third English EditionPaperback Adda247 Publications","87"
"Shmaya Solid 3 kitty theme balloon13 pc happy birthday banner3 kitty foil4 star foil 2 curtain30 balloon pack of 52 BalloonPink Pack of 52","87"
"Flipkart Perfect Homes Studio Metal Open Book ShelfFinish Color  Black DIYDoItYourself","87"
"Catvision DD FreeDish MPEG2 SD CSR-201SP Media Streaming Device????(Black)","87"
"Aquagrand SkyLand 18 Ltr RO  UV  UF  TDS Water Purifier 18 L RO  UV  UF  TDS Water PurifierÐÒ?ÐÓ®ÐÂ ÐÒ?ÐÓ®ÐÂ (White, Blue)","87"
"tHemiStO Beginners 8 in 1 Soldering iron Kit 25 W SimpleFlat Tip","87"
"Auto Hub Microfiber Vehicle Washing  ClothPack Of 3 800 GSM","86"
"BLUECHIP BL43SmartTV TV Voltage Stabilizer for LED TV/Smart TV Up to 43 Inches , Set Top Box??????(Royal Blue)","86"
"Vero Forza Glide PRO (4 Piece) Thumb & Finger Sleeve for Mobile Game, Pubg, Cod, Freefire & Fortnite  Gaming Accessory KitÐÒ?ÐÓ®ÐÂ ÐÒ?ÐÓ®ÐÂ (Multicolor, For Android, iOS)","86"
"PRO365 Uplight Wall Lamp With Bulb","86"
"Real Choice Kamni Sports Swimming Kit (Silicon Cap, Silicon Ear Plug, Swimming Nose Clip, Swimming Goggles) Swimming Kit Swimming Kit","86"
"Anayatech Solid Doreamon combo with star happy birthday combo happy birthday foil balloon2 doreamon foil balloon2 blue star foil2 silver curtain36 blue and white balloonpack of 50 BalloonBlue White Pack of 51","86"
"Spotzero by Milton Prime Mop With Big Wheels Bucket","86"
"Unique designed professioal and luxury style different 005 Analog Watch   For Men","86"
"Voltas Beko DT8B Free Standing 8 Place Settings Intensive Kadhai Cleaning| No Pre-rinse Required Dishwasher","85"
"Pack of 2 Men Solid Black Blue Track Pants","84"
"CMerchants BOOK SHELF6RACK Metal Open Book ShelfFinish Color  BLUE DIYDoItYourself","84"
"SONY XM-N502 Two Class AB Car Amplifier","84"
"Skylofts Soft Silicone Noise Reduction Ear Plugs for Sleeping, Meditation, Swimming adult and child, Reusable Earmuff for Travel Flights (Pack of 5) Ear Plug??????????(Multicolor)","84"
"PARTY BREEZE Solid rose gold pink white Happy Birthday Decoration Combo Kit with Banner Balloons Foil Curtain star foil 48pcs for Birthday Decoration Boys Kids Girl Husband Wife Girl Friend Adult BalloonWhite Pink Pack of 48","84"
"AutoPowerz Set of 4 9 LED RGB MultiColour Strip Car Atmosphere Light with Music Controller and Remote for All Cars Car Fancy LightsMulticolor","84"
"Flipkart Perfect Homes Phonox Engineered Wood TV Entertainment UnitFinish Color  Wenge Knock Down","84"
"Flipkart SmartBuy Bucket Spin Mop Floor Cleaning and Mopping System2 Microfiber RefillsAqua BLUE Mop Bucket Mop Set","84"
"shyokand Fabric SofaFinish Color  Red Preassembled","83"
"Crust v50 Car Bluetooth Device with FM Transmitter Audio Receiver Car Charger MP3 Player Adapter Dongle TransmitterBlack","83"
"Solutions24x7 BEST QUALITY Swimming costume nose ear plug googles cap combo Swimming Kit","83"
"EdenSoul USB Rechargeable Moon Lamp 5 Color Changing Sensor Touch Decoration Crystal Ball Night Lamp with Wooden Stand Moon Lamp Night Lamp20 cm White","83"
"Sound Boss SB-2032 BLUETOOTH/USB/SD/AUX/FM/MP3 Car Stereo??????(Single Din)","83"
"Casewilla Mobile Stand Holder for Table with Adjustable Height |Update 2021 360 Degree Rotation Mobile Holder for Table and Bed Compatible with All Smartphones Mobile Holder Mobile Holder","83"
"BROWNIE Engineered Wood Study TableFree Standing Finish Color  Brown Preassembled","83"
"Hillgrove Electronic 3in1 Mobile Soldering Iron Equipment Tool Machine Combo Kit Set with Flux Paste and Wire 25 W SimpleFlat Tip","83"
"BAJAJ Waterproof 1500 W Shock Proof Immersion Heater Rodwater","83"
"ULTRA Perfect  2.0 L Wet Grinder?ÐÒÐÒ?ÐÒÐÒ(Purple, White)","83"
"KUBER INDUSTRIES Shelf OrganizersBeige Cotton","83"
"ArrowMax Swimming Kit(silicone cap/Swimming Goggle/Earplugs/Noseplug) Swimming Kit","83"
"AQUANZA Pre housing complete set for ro Solid Filter Cartridge0005 Pack of 8","83"
"AJRO DEAL Double Spring Tummy Trimmer - Multipurpose Fitness Equipment (Black) Ab ExerciserÐÒ?ÐÓ®ÐÂ ÐÒ?ÐÓ®ÐÂ (Black, Multicolor)","82"
"HP 14s Intel Core i3 11th Gen - (8 GB/256 GB SSD/Windows 11 Home) 14s - dy2507TU Thin and Light LaptopÐÒ?ÐÓ®ÐÂ ÐÒ?ÐÓ®ÐÂ (14 inch, Natural Silver, 1.41 Kg, With MS Office)","82"
"Riyahandlooms Cotton Floor MatBlue Large Pack of 2","82"
"Realistic Store Printed Happy Birthday Multi Dot Foil Letter Balloon With HD Multi Metallic Balloons  Curtain Gold For Girls Decoration kit Letter BalloonMulticolor Pack of 45","82"
"Arpita Crafts HEARTHOME Wood Key Holder7 Hooks Beige","82"
"Swastik Housewares Stainless Steel Incense HolderSilver","82"
"JDX Polyester Fibre Solid Cushion Pack of 5White","82"
"Unstitched Viscose Rayon Shirt Fabric Printed","82"
"Inalsa Inox 1000 1000 W Food Processor??????????(Silver:Black)","82"
"ghar ki khushiya 1 LEDs 013 m Multicolor Rice LightsPack of 1","82"
"US DZIRE 431 Hanging lamp electric antique Wooden Ceiling LightsWith Gold BulbPendant Lamp shade Night Lamp for Living RoomBedroomofficeRestaurantDining HallHome decor CafeModern Kitchen etc Pendants Ceiling LampBeige Brown","82"
"lyfcare Adult Pull-Up Pants Diapers| XL-20 Pieces|Waist Size :35-54 Inch|Pack of 2 - XL??????(20 Pieces)","82"
"Champions Reasoning Book For Bank  Insurance Exam English Printed Edition By Adda247Paperback Adda247 Publications","81"
"MSB FAB Maroon Velvet Carpet150 cm  X 210 cm Rectangle","81"
"etmax NANO BLACK 30 W Bluetooth Home Theatre??????(Black, Stereo Channel)","81"
"Bhimada cloth stand rack shelf almirah PVC Collapsible WardrobeFinish Color  DarkBlue DIYDoItYourself","81"
"ULTRA Grind? 2.0 L Wet Grinder?ÐÒÐÒ?ÐÒÐÒ(Purple)","80"
"JSR Organics Kamal Seed20 per packet","80"
"etmax NANO BLACK 30 W Bluetooth Home TheatreÐÓ®ÐÂ ÐÓ®ÐÂ (Black, Stereo Channel)","80"
"Thomson Deluxe Plus 1600 W Steam IronBrown and White","79"
"RBGIIT Latex Rubber Pink Special Dish Kitchen Platform WashingHome Bathroom Garden Other Type Of Safety Uses Sanitation Fashion Protective Home Kitchen Cleaing Gloves For Women And Girls 1 Pair Latex Rubber Safety Gloves New Latest Corean Design Latex Red Reusable Rubber 1 Pair 2 Pieces Hand Careing Long Sleeve Waterproof Safety Hand Gloves Cleaning Gloves Household  Bathroom Cleaning  Kitchen Platform Washing Washable Cloth Washing Good Quality Free Size Soft Scrubbing Dish washing Plate Dishes Pet Grooming Unique Multi Use Cleaning Garden And Bath Safety Industrial Heat And chemical Daily Uses Clean Gloves Wet and Dry Glove SetMedium Pack of 2","79"
"DRAMIQ Beautiful Kapoor DaniAroma Diffuser Cum Night Lamp Electrical Camphor Diffuser Plastic Incense HolderWhite","79"
"NGI STORE Multipurpose laptop table Wood Portable Laptop TableFinish Color  BLACK Pre Assembled","79"
"DivineCrafts Om Swastik 2 Pocket penstand Wood Key Holder8 Hooks Multicolor","79"
"Greenchef Solona Table Top Grinder Wet Grinder?ÐÒÐÒ?ÐÒÐÒ(Pink)","79"
"Vidisa Audio Interface AMP iRig System Guitar Effects Pedal Audio Reciver??????(Black)","78"
"LA VERNE Self Design Double Mink Blanket for  Heavy WinterWoollen Blend Grey","78"
"RinkiHF Blue Acrylic Carpet132 cm  X 183 cm Rectangle","78"
"AnshiEnterises FLEXIBLE YELLOW HOSE PIPE  INCH 12 mm With Water Spray Gun Hose Pipe10 m","78"
"limraz furniture Engineered Wood Computer DeskStraight Finish Color  brown Preassembled","78"
"YUV Digital LCD Pre-Calibrated TDS Meter Tester Portable Pen 0.01 High Accurate Filter Measuring Water Quality Purity Test Analyzer Tool for Aquarium Pool Hydroponics & Drinking RO Water Digital TDS Meter","78"
"Prerana Microfibre Solid Cushion Pack of 5White","78"
"TP-Link TL-WA850RE(IN) 300 Mbps WiFi Range Extender?ÐÒÐÒ?ÐÒÐÒ(White, Single Band)","77"
"RPM Euro Games Gaming Keyboard and Mouse Combo | Keyboard - With 7 Color Backlit | Suspension Caps | Backlit | 104 Keys | Mouse - Upto 3200 DPI, 4 Levels|6 Buttons | 7 Color RGB Wired USB Gaming Keyboard (Black) Wired USB Gaming KeyboardÐÒ?ÐÓ®ÐÂ ÐÒ?ÐÓ®ÐÂ (Black)","77"
"Woodbuzz Engineered Wood Study TableFree Standing Finish Color  Frosty White  Yellow DIYDoItYourself","77"
"Hold up Triangle Shape Mobile Holder For Table Desk Pack Of 5 Mobile Holder Mobile Holder","77"
"Tanunni Mobile Holder Red Color Mobile Holder","77"
"KUBER INDUSTRIES Shelf OrganizersBlack White Cotton","76"
"SUMITRA ENTERPRISES Soft Plush Cushion Baby Sofa Seat or Rocking Chair for Kids Fabric SofaFinish Color  Red Preassembled","76"
"Value Adds Wall Mount Set Top Box Iron Wall Shelf (Number of Shelves - 1, Black) Steel Wall Shelf??????(Number of Shelves - 1, Black)","76"
"Portronics v50 Car Bluetooth Device with Transmitter Audio ReceiverBlack","76"
"Magic Balloons Solid Birthday Decorations  95Pcs Silver Happy Birthday Foil Balloon Star Foil Metallic Foil Curtain Princess Theme Birthday DecorationBirthday Decorations for Girl BalloonMulticolor Pack of 95","76"
"Verona LAPTOP TABLE FOLDABLE001 Wood Portable Laptop TableFinish Color  Black DIYDoItYourself","76"
"Saral Home Microfiber Bathroom MatGrey Medium","76"
"Airtel Regular Digital TV SD/HD DTH Compatible Remote UNIVERSAL Remote Controller??????(Black)","75"
"Jaspo Tenacity Lite Rubber Wheel Adjustable Quad Roller Skate (6-14 years) Quad Roller Skates - Size 1-8 UK??????????(Red)","75"
"KAYZL Manual Hand Juicer 0 Juicer 3 Jars Green","75"
"MTG 35 Years NEET Previous Year Solved Question Papers With NEET Chapterwise Topicwise Solutions  NEET 2023 Preparation Books Set Of 3 Books NTA Neet 35 Years Questions Physics Chemistry BiologyPaperback MTG Editorial Board","75"
"The Sharp Club SH2004BK Steel Toe Leather Safety Shoe??????(Black, S1)","75"
"DeoDap Microfiber Car Cleaning Duster for MultiPurpose Use Wet and Dry Duster Microfiber Cleaning Duster for MultiPurpose Use Big Wet and Dry Duster","75"
"BROWNIE Engineered Wood Computer DeskStraight Finish Color  Brown Preassembled","74"
"Fun and Flex Solid Jungle Theme Animal Face Foil Balloons Garland Arch Kit for Birthday Party jungle Theme Party Baby Shower for Kids Decorations BalloonMulticolor Pack of 90","74"
"Nilkamal Plastic ChairFinish Color  PINK Preassembled","74"
"ZUNBELLA 3D Super Transparent Car Toy, Car Toy for Kids with 360 Degree Rotation, Gear Simulation Mechanical Car, Concept Racing Car, Sound & Light Toys for Kids Boys & Girls?ÐÒÐÒ?ÐÒÐÒ(Multicolor)","74"
"UPC Upgraded HandsFree Squeeze Microfiber Flat Spin Mop System 360 Flexible Head Mop Set","74"
"Dinine Craft Wooden 2 Pocket Key Holder for Wall and Home Decor Decorative Showpiece    6 cmWood Brown Yellow","74"
"Tankit 360 degree Spin Mop With 6 Refills Durable Bucket With Extendable Handle For Perfect Cleaning Mop Set Mop Mop Bucket Mop Refill","74"
"Home Full Bliss Engineered Wood TV Entertainment UnitFinish Color  Wenge Knock Down","74"
"Story Books Set of 10 in English with 101 Moral Stories from Inikao   InIkao Moral StoriesEnglish Paperback unknown","73"
"HP 682 Black Ink Cartridge","72"
"MANTAVYA Green Juicer New Model Hand Juicer Grinder 0 W Juicer 1 Jar Green","72"
"ZEBRONICS ZEB-BT701 RUCF 70 W Bluetooth Home TheatreÐÓ®ÐÂ ÐÓ®ÐÂ (Black, 7.1 Channel)","72"
"Inalsa fiesta 650 W Food Processor??????????(White)","72"
"DULCET DC-D9000X 220W Detachable Front Panel Universal Fit Single Din Mp3 Car Stereo with Dual USB Ports/Bluetooth/Hands Free Calling/FM/AUX Input/SD Card Slot & Remote Control DC-D9000X Car Stereo??????(Single Din)","72"
"USHA FP 3811_ 1000 W Food Processor??????????(Black, Silver)","71"
"TP-Link Archer C24 Multi-Mode 750 Mbps Wireless Router?ÐÒÐÒ?ÐÒÐÒ(White, Dual Band)","71"
"Jaspo Adjustable Roller Skates Suitable for Age Group 6 to 14 Years Quad Roller Skates - Size 6 UK??????????(Red)","71"
"HP 46 Black Ink Cartridge","71"
"AOQ Cleaning Brush Feather Microfiber Duster with Extendable Rod Dust Cleaner Fit Ceiling Fan Car Home Office Cleaning Tools Wet and Dry Duster","71"
"3D METRO SUPER STORE JUICERGduumy 1 Juicer1 Handle1 Jar1 Glass 0 Juicer 1 Jar Green","71"
"Portronics 3 Amp Qualcomm 30 Turbo Car ChargerBlack","70"
"Mi TV Stick with Built in Chromecast????(Black)","70"
"indian armar Engineered Wood Study TableFree Standing Finish Color  Black Chair Included Preassembled","70"
"Mi ACM6SC with HEPA Filter Smart App  Voice Control Portable Room Air PurifierWhite","70"
"JXL 3way 6 inch Car Speaker 1690 Coaxial Car Speaker??????(600 W)","70"
"ROYAL TREND Fabric SofaFinish Color  Pink Preassembled","69"
"LURAGS Diamond natural brown set of 6 stumps with bails??????(Brown)","69"
"STYLERA 5 PAIR Anti Cutting Cut Resistant Hand Safety Gloves Cut-Proof Protection with Rubber Grade Wet and Dry Glove Nylon, Rubber  Safety Gloves??????(10)","69"
"H&M Store MONDAY - SUNDAY (Morning, Noon, Night) Medicine organizer box | Pill organizer 21 Compartments, (Multicolor, Pack of 1) Pill Box??????(Multicolor)","69"
"Pigeon Supremo Wet Grinder?ÐÒÐÒ?ÐÒÐÒ(Cherry Red)","68"
"Prestige PWG 08 Wet Grinder?ÐÒÐÒ?ÐÒÐÒ(Black)","68"
"Manogyam Soft Comfortable Heel silicone Gel Set 2 Pieces Shoe Heel Protector Pain Relieve Heel SupportÐÒ?ÐÓ®ÐÂ ÐÒ?ÐÓ®ÐÂ (Beige)","68"
"Baby Boys  Baby Girls PartyFestive Tshirt ShortsBlue","67"
"LEADER XTREME 26T REAR SUSPENSION FOR MTB RIDER 26 T Mountain CycleÐÓ®ÐÂ ÐÓ®ÐÂ (Single Speed, Black)","67"
"Thomson Kitchen Master MX01 500 W Mixer Grinder (3 Jars, White)","66"
"SAISWAR OXO Bio deagradable Dustbin garbage cover medium pack of 3 19X21inch black Plastic DustbinBlack Pack of 3","66"
"Flipkart SmartBuy Blue Cotton Carpet136 cm  X 180 cm Rectangle","66"
"Baby Boys  Baby Girls PartyFestive Tshirt ShortsOrange","66"
"AutoPowerz White  Amber Flow LED Sequential Audi Style Daytime Running Lights Stickon Above Headlamp Car Fancy LightsWhite Yellow","65"
"ASUS Vivobook Pro 15 Ryzen 7 Octa Core AMD R7-4800H - (16 GB/512 GB SSD/Windows 11 Home/4 GB Graphics/NVIDIA GeForce GTX 1650 Max Q) M6500IH-HN702WS Creator LaptopÐÒ?ÐÓ®ÐÂ ÐÒ?ÐÓ®ÐÂ (15.6 Inch, Cool Silver, 1.80 Kg, With MS Office)","65"
"seva shope Polyresin Incense HolderBlack","65"
"PAPILON EMULSION PACK OF 6 BOTTLES 20ML EACH Mixed Fruit Liquid Food EssenceÐÓ®ÐÂ ÐÓ®ÐÂ (120 ml)","65"
"Divinext 1 week Pill Medicine Tablet Case box Storage 28 Days Pill Box??????(Multicolor)","64"
"Dinine Craft Wooden 2 Pocket Key Holder for Wall and Home Decor Decorative Showpiece    6 cmWood Brown","64"
"Greenfinity Baker's Active Dry Yeast, 75g Yeast Powder","64"
"PHILIPS AC288720 883 4887 20280 Portable Room Air PurifierWhite","64"
"Sheen Microfiber Vehicle Washing  ClothPack Of 10","64"
"XAMILE Rose Diamond Table Lamp16 Color Changing RGB Touch  Remote Control Table Lamp195 cm Multicolor","64"
"Indian Economy English  1st Edition For UPSC CSE Prelims  Mains By Study IQPaperback StudyIQ Publications","63"
"Logitech G213 / Lightsync RGB, Spill-resistant, Palm-rest, Customizable Keys Wired USB Gaming KeyboardÐÒ?ÐÓ®ÐÂ ÐÒ?ÐÓ®ÐÂ (Black)","63"
"NEOSAFE Stainless Steel Commode Chair front open & Shower chair (Grey) Commode Chair??????(Grey)","63"
"GLORIEUX ART Beautiful Antique Wooden Foldable Side TableEnd TableStool Living Room Kids Play Furniture Table Round Shape Solid Wood Side TableFinish Color  White DIYDoItYourself","62"
"SB 33 W 4 A Mobile 33W -VOOC,DART,FLASH DH561 with Type-C Cable Charging Adapter Travel Fast Charger with Detachable Cable?ÐÒÐÒ?ÐÒÐÒ(White, Cable Included)","62"
"Qubo Outdoor Cam by HERO GROUP IP65 1080p Full HD CCTV with Intruder Alarm System Security Camera1 Channel","61"
"Magic Balloons Solid Happy Birthday Balloon Set Of 35 Balloons 1 Happy Birthday Black Paper Banner 1 Light 2 Gold Star Foil Balloon 18 1 Red Star Foil Balloon 18 30 Red Gold Black Metallic balloon For Birthday Decoration BalloonRed Gold Black Pack of 35","61"
"Auto Hub Microfiber Vehicle Washing  ClothPack Of 2 800 GSM","61"
"Realistic Store Solid Happy Birthday Decoration Kit Combo  53 Pcs Birthday Banner Golden Foil Curtain Metallic Confetti Balloons For Boys Girls Wife Adult Husband Mom Dad  Happy Birthday Decoration Item BalloonMulticolor Pack of 53","60"
"Gojeeva Wooden Hanging Lamp suitable for Living RoomBedroomHallwaypack of 2 Pendants Ceiling LampBlack White","60"
"AdroitZ SUPERIOR QUALITY ANTI CUT SAFETY HAND GLOVE-13 Nylon, Synthetic, Latex  Safety Gloves??????(8)","60"
"HP Ryzen 5 Hexa Core 5500U - (8 GB/512 GB SSD/Windows 11 Home) 15s- eq2144au Thin and Light LaptopÐÒ?ÐÓ®ÐÂ ÐÒ?ÐÓ®ÐÂ (15.6 inch, Natural Silver, 1.69 kg, With MS Office)","60"
"Soaring Engineered Wood Study TableFinish Color  green DIYDoItYourself","60"
"Qubo Outdoor Cam by HERO GROUP IP65 1080p Full HD CCTV with Intruder Alarm System Security Camera","60"
"Zofiy 6 Layer Metal Frame Clothes Organizer  Maroon PP Collapsible WardrobeFinish Color  Maroon DIYDoItYourself","60"
"Pigeon Glory 550 W Mixer Grinder Multicolor 3 Jars with IB 3 Ltr Pressure Cooker Special Combo","59"
"chawla overseas Red Cotton Carpet152 cm  X 214 cm Rectangle","59"
"realme Mobile Game Finger Sleeves  Gaming Accessory KitÐÒ?ÐÓ®ÐÂ ÐÒ?ÐÓ®ÐÂ (Mottled Black, For Android, iOS)","59"
"Rixen Cricket Net 20x10 Feet Cricket Net??????(Blue)","59"
"Auto Hub Two Wheeler Cover for HondaActiva 3G Black","58"
"ANTRONIC Premium Quality 2000W 2000 W Immersion Heater RodWater","58"
"INKULTURE Cosmetic  Makeup OrganizersWhite Plastic","58"
"aybor calling smartwatch with bluetooth SmartwatchBlack Strap FREE SIZE","58"
"ANTIOUE MART Wooden Set Top Box Stand Wall Mounted TV Cabinets Wall Selves Holds Speaker, Cable Boxes, Streaming Device, Game Console, Remote, WiFi Router Wooden Wall Shelf????(Number of Shelves - 3, Brown)","56"
"Nextron NX-AE100 Voltage Stabilizer for Smart LED TV for 32/43/55 inchs+Set Top Box +home theater??????(Black)","56"
"Cola Music Bamboo Flute??????(45 cm)","56"
"GiftMax Smart Watch Magnetic Suction Charger For 2 Pin (Noise Colorfit Pro 2,3, Boat strom,Nexfit run) smart watch, 44mm Adapter Length 45 cm Compatible with USB  Charging Cable 0.45 m Magnetic Charging Cable (Compatible with Nextfit Run, Colorfit Pro 2,, Colorfit Pro 3, Boat strom, Black, One Cable) 0.45 m Magnetic Charging Cable (Compatible with Nextfit Run, Colorfit Pro 2,, Colorfit Pro 3, Black, One Cable) Charging Pad","55"
"Woodbuzz Engineered Wood Study TableFree Standing Finish Color  White Knock Down","54"
"Prestige Atlas Delight Electric Rice Cooker??????(1.8 L, Blue)","54"
"Flipkart Perfect Homes Sirena Engineered Wood TV Entertainment UnitFinish Color  Latin Walnut Knock Down","54"
"Woodbuzz Engineered Wood Study TableFree Standing Finish Color  Walnut Knock Down","54"
"ELV Aluminium Adjustable And Foldable Dock Mobile Holder","53"
"Baby Boys Casual Tshirt PyjamaBeige","53"
"Inalsa Easy Prep_ 800 W Food Processor??????????(Black)","53"
"Qozent Hand Gloves For Kitchen Dish Washing Combo Reusable Rubber Silicon Household Safety Wash Scrubber Heat Resistant Kitchen Gloves for Dish washing Cleaning Gardening Wet and Dry Glove hand gloves for kitchen Multicolour 1 Pair free size Dry Disposable GloveSmall","52"
"MOTOROLA AmphisoundX Dolby with HDMI Arc 120 W Bluetooth SoundbarÐÒ?ÐÓ®ÐÂ ÐÒ?ÐÓ®ÐÂ (Metallic Grey, 2.1 Channel)","52"
"Urban Home 214 cm 702 ft PVC Transparent Door Curtain Single CurtainSolid Off White","51"
"ERAWUD Engineered Wood TV Entertainment UnitFinish Color  Black DIYDoItYourself","51"
"Airtel Airtel Universal Setup box Remote Digital Setup box Universal Remote Airtel Remote Controller??????(Black)","51"
"Dinine Craft Adiyogi Shiva Statue For Car Dashboard Table Decor Idol Decorative Showpiece15 Decorative Showpiece    11 cmPolyresin Black","50"
"colcum Collapsible Wardrobe 88130 Micro Fiber Collapsible WardrobeFinish Color  Maroon DIYDoItYourself","50"
"CRAFTIFY High Quality 2000 W Immersion Heater RodWater","50"
"Kindly Designer Key Holders with phone stand Key HnagerKey Stand for Wall Decor Wood Key Holder8 Hooks Brown","49"
"PHILIPS Citrus Press  HR2777  00 25 Juicer 1 Jar Black","49"
"DALUCI Waterproof Swimming Professional Silicone Swim Earplugs for Adult Swimmers Children Diving Soft Anti-Noise Ear Plug Ear Plug??????????(Multicolor)","49"
"Glen ISPA 90 BL Auto Clean Wall Mounted Chimney??????(Black 1050 CMH)","49"
"Canon PG 745S Black Ink Cartridge","48"
"Flipkart SmartBuy 360 Spin Blue Bucket Mop Set with single Microfiber Refill Mop Set","48"
"Flipkart SmartBuy 45 L Green White Blue Laundry BagNonWoven","48"
"kay1steel boot jabba Steel Toe Genuine Leather Safety Shoe??????(Black, S1, S1P)","48"
"Auto Hub Black Grey Bike Face Mask for Men  WomenSize Free  Balaclava","47"
"Auto Hub Microfiber Vehicle Washing  ClothPack Of 4 800 GSM","47"
"Home by nilkamal Walton Engineered Wood TV Entertainment UnitFinish Color  Classic Walnut Knock Down","47"
"Whirlpool CLASSIC CF 60 BK HOOD 60 cm 750 m??/hr Wall Mounted Chimney??????(Black 750 CMH)","46"
"Kraft Seeds 7KB395XY Garden Shear Cutter for multi purpose use with Smart Lock Bypass PrunerCordless","46"
"Ostrich HARD PLASTIC CRICKET COMBO PACK FOR 8 YEARS JUNIOURS( 1 BAT SIZE 3, WICKET 24'' INCHES , 1 BALL) Cricket Kit","46"
"LUMINOUS Eco Watt Neo 1050 Square Wave Inverter","45"
"K A Enterprises Solid metallic finish balloons for birthday  anniversary party decoration pack of 50 Multi color BalloonMulticolor Pack of 50","45"
"77085PP03 Volt Analog Watch   For Men","45"
"D&V ENGINEERING 2 Compartments Iron Remote control holder /stand /organizer for TV AC DTH STB Remotes with attractive DANCING lady??????(Black, Green, RED/PINK)","45"
"D&V ENGINEERING 2 Compartments Iron Remote control holder /stand /organizer for TV AC DTH STB Remotes with attractive Dancing Lady??????(Black, Green, Pink)","45"
"Blue Star BSAP490LAN Portable Room Air PurifierWhite","44"
"Auto Hub Car Cover For Maruti Suzuki WagonR Without Mirror PocketsMulticolor","43"
"Pearl World Soft Plush Cushion Baby Sofa Seat or Rocking Chair for Kids  Best birthday Gift for Kids Fabric SofaFinish Color  Green Preassembled","43"
"godryft by GoMechanic Premium Speakers with Extra Bass & Superior Sound Technology S2 6'' 70W RMS 280W 2 Way Super Bass Series Coaxial Car Speaker Coaxial Car Speaker??????(280 W)","43"
"SUPRIMO mixerjuicergrinder combo 3 jar 750 watt STARJ3 750 Juicer Mixer Grinder 3 Jars Blue","43"
"Bestie Toys Adjustable kids Suitable Quad Roller Skates - Size 6 years to 12 years UK??????????(Blue)","43"
"Jagjeet 16NOALMWHITE HAND JIUCERS 0 Juicer Silver","43"
"ADONYX Combo of Knee,Palm, Elbow & Ankle Support","42"
"RedShell SmartBuy ISI Mark ShockProof  WaterProof 2000 W Immersion Heater RodTubular","42"
"Khatu Crafts Printed Radhakrishna Two Box Key Holder Wood Key Holder8 Hooks Multicolor","42"
"DEMYA KINF OF STEEL Solid wood Desk ChairFinish Color  Multicolor Preassembled","42"
"Prestige PRWO 1.8-2 Electric Rice Cooker with Steaming Feature??????(1.8 L, White)","42"
"Mi Box 4k Media Streaming Device????(Black)","41"
"PHILIPS by philips HL757700 VIVA COLLECTION 600 Juicer Multicolor","41"
"POOJA Maroon PP Polypropylene Area Rug53 cm  X 153 cm Rectangle","41"
"Goodson Cotton Floor MatNavy Grey Aqua Free Pack of 2","41"
"BALKRISHNA ENTERPRISE Green Tea Sticks Face Shaping Mask  Face Shaping Mask","41"
"RATNAS Plastic ChairFinish Color  Pink DIYDoItYourself","41"
"ArrowMax HIGH QUALITY MEN SWIMMING COSTUME FREE SIZE (28in-34in) GOGGLES CAP 2 EARPLUG NOSE CLIP SWIMSUIT Swimming Kit","40"
"Butterfly Rapid Wet Grinder?ÐÒÐÒ?ÐÒÐÒ(Grey)","40"
"MarQ by Flipkart 11-Litre 11AOTMQBU Oven Toaster Grill (OTG) with Bake TrayÐÓ®ÐÂ ÐÓ®ÐÂ (Blue)","40"
"SportSoul Thumb Wrap Wrist Support??????????(Grey)","40"
"Men Solid Ankle LengthPack of 5","40"
"Clastik Solid Wood Study TableFinish Color  Multi Color Preassembled","40"
"V VINTON Car Cover For Kia SonetGrey","40"
"SportSoul Cotton Gym & Athletic Abdomen Support","39"
"SSWW Multipurpose Heavy-Duty Reusable Washable Nitrile Coated Work Safety Hand Gloves for Dishwashing Gardening Industrial Agricultural Cleaning Carwash for Men & Women ( Pack of 10 pair gloves ) Synthetic  Safety Gloves??????(20)","39"
"konvio neer Pen Type Tds 0012 Digital TDS Meter","39"
"Indian Art And Culture English  1st Edition For UPSC CSE Prelims  Mains By Study IQPaperback StudyIQ Publications","38"
"Wishpool Cut Resistant Gloves - High Performance Level 5 Protection, Food Grade FREE SIZE Synthetic  Safety Gloves??????(2)","38"
"Romper For Baby Boys Casual Printed Pure CottonBeige Pack of 1","38"
"Charlene Unisex Intimate Spray Mist Perfume (50ml, Pack of 1) Perfume  -  50 ml??????(For Men & Women)","38"
"TWISTO Lint Cutter for Clothes  Sweater Fabric Shaver NOVA Lint Shaver Under 500 Defuzzer Lints Trimmer Lint Roller for Clothes RUA Remover Machine  bur Remover from Clothes Foldable Lint Roller","38"
"PAPILON 6 Shades Of Liquid Food Color (20 Ml X 6 Bottle) MulticolorÐÓ®ÐÂ ÐÓ®ÐÂ (120 ml)","38"
"Soaring Kids Study  Play Wooden Adjustable Folding Printed Table and Chair Set for 2 to 6 Year Old Girls and Boys Baby Solid Wood Activity Table Finish Color  Red DIYDoItYourself Solid Wood Activity TableFinish Color  Red DIYDoItYourself","37"
"Shri Mahal Antiques CL1650 Ceiling Lamp jHHOMAR Chandelier Chandelier Ceiling Lamp CL 16509076 300mm Glass Crystal Big Size Jhhomar Lamp Ceiling Light For Living RoomHallBed Room etc Chandelier Ceiling LampGold","37"
"Catvision DD FreeDish DTH MPEG4 HD Set Top Box for 115 FREE TV & WiFi Media Media Streaming Device????(Black)","37"
"ADZOY Metal Lazy Stand Bracket for Neck Rest on Bed 360 Degree Mobile Holder Mobile Holder","36"
"PMW Karakkaya  Harad  Aralu  Inknut  Haritaki  Kadukkai  Harar  Terminalia Chebula  500g Seed500 per packet","36"
"J K INTERNATIONAL High quality Skating in-line Shoe have different size and with PU LED wheel In-line Skates - (Blue) In-line Skates - Size 6-9 UK??????????(Blue)","35"
"SAMSUNG 28 L Convection Microwave OvenMC28A5025VP Black with Pattern","35"
"Prestige PWG 09 Wet Grinder with Timer?ÐÒÐÒ?ÐÒÐÒ(Black)","35"
"Torche Scholar study table desktop tableoffice table Solid Wood Study TableFree Standing Finish Color  Gold and White DIYDoItYourself","34"
"PLAY MP1-A Smart WIFI 3D 4k Full HD LED Recently Launched Android 8.0 Projector|Genuine Multifunction|Home Office & Entertainment|Bluetooth 4D keystone|300-inch Display |1920x1080P Portable Mini Digital Projector|VGA, USB, HDMI | Home Theater (4500 lm / Wireless / Remote Controller) Portable ProjectorÐÓ®ÐÂ ÐÓ®ÐÂ (White)","34"
"HP Pavilion Ryzen 5 Hexa Core AMD R5-5600H - (8 GB/512 GB SSD/Windows 11 Home/4 GB Graphics/NVIDIA GeForce RTX 3050/144 Hz) 15-EC2145AX Gaming LaptopÐÒ?ÐÓ®ÐÂ ÐÒ?ÐÓ®ÐÂ (15.6 inch, Shadow Black & Ultra Violet, 1.98 kg)","34"
"MSI GF63 Thin Core i5 11th Gen - (8 GB/512 GB SSD/Windows 11 Home/4 GB Graphics/NVIDIA GeForce GTX 1650 Max-Q) GF63 Thin 11SC-1046IN Gaming LaptopÐÒ?ÐÓ®ÐÂ ÐÒ?ÐÓ®ÐÂ (15.6 inch, Black, 1.86 kg)","34"
"Qubo Smart Cam 360 by HERO GROUP 1080p Full HD WiFi CCTV with Intruder Alarm System Security Camera","33"
"RATNAS Plastic ChairFinish Color  GREEN Preassembled","33"
"RATNAS Plastic ChairFinish Color  BLUE Preassembled","33"
"songbird 4 INCH 280 W MAX DOOR SPEAKER With Dual SB-B10-15S Coaxial Car Speaker??????(280 W)","33"
"Preethi Iconic WG-908 Wet Grinder?ÐÒÐÒ?ÐÒÐÒ(Pink)","32"
"PrintStar 12A / Q2612A Compatible Toner Cartridge For Hp1005 Canon 2900B Black Ink Cartridge","32"
"realme 4k Smart Google TV Stick (Black)????(Black)","32"
"LG DFB424FP Free Standing 14 Place Settings Intensive Kadhai Cleaning| No Pre-rinse Required Dishwasher","32"
"LUMINA PLUS LED LIGHTING Metal E26E27 Pendant Ceiling Hanging Lights Lamp Black Size 23  17  17cm Set of 4 Pendants Ceiling LampBlack","32"
"Demya king of steel Solid wood Desk ChairFinish Color  BLUE Preassembled","32"
"Portronics 20 W 3 A Mobile Charger Adapto 45 with Dual Port Fast Charger?ÐÒÐÒ?ÐÒÐÒ(White)","32"
"Tata Sky Tatasky 03 Dth Univeral SD / HD Set Up Box Remote Controller with Batteries (Black) Tatasky Remote Controller??????(Black)","31"
"IFB Neptune FX Free Standing 12 Place Settings with Germ-Free Hygienic Wash, Made for Indian Kitchens, Energy Efficient Dishwasher","31"
"D&V ENGINEERING Sturdy Set top Box Stand,DVD,DTH,Telephone, WiFi Modems Stand for Home Steel Wall Shelf (Wide Shelf) Iron Wall Shelf??????(Number of Shelves - 1, Black)","31"
"Glen GL 6033 Room Air PurifierWhite","31"
"Miss & Chief by Flipkart Chargeable 3D Remote Control Lighting Famous Car for 3 Years Kids?ÐÒÐÒ?ÐÒÐÒ(Blue)","31"
"GREEN SOUL Jupiter Go High Back ErgonomicHome Office2D HeadrestLumbar Support Mesh Office Adjustable Arm ChairBlack DIYDoItYourself","30"
"BLACK RAY Unique 3 Lights Hanging Ceiling Lamp Urban Retro Style Antique BlackBulb Not Included Pendants Ceiling LampBlack","30"
"Allwin Home Cleaning 360 Spin Floor Cleaning Easy Advance Tech Bucket PVC Mop  Rotating Steel Pole Head with 2 Microfiber Refill Head Mop Set Mop Set Mop Set","30"
"BLUECHIP BL60SmartTV3.1Amp TV Voltage Stabilizer for LED TV/Smart TV Up to 60+ Inches + Set Top Box + home theater , With 3 Years Warranty??????(Gold)","30"
"MOTOROLA AP 450 with HEPA Filter Smart App Connectvity Portable Room Air PurifierWhite","30"
"TERABYTE Mini HDMI TO AV UP Scaler Full HD 720/1080p Video Converter Media Streaming Device Media Streaming Device????(White)","30"
"Airtel Dth Settop Box Airtel TV, Airtel set up box, Airtel HD TV Remote Controller??????(Black)","29"
"Tata Sky Tatasky Old model DTH Compatible Setup box Remote- Black Tata Sky Remote Controller??????(Black)","29"
"lectose Wood Portable Laptop TableFinish Color  black Pre Assembled","29"
"Demya king of steel Plywood And Metal Study Playing Table Chair Set For KidsRed Metal Desk ChairFinish Color  Red DIYDoItYourself","29"
"DALUCI Shelf OrganizersWhite Plastic","29"
"Suncrown Furniture Sheesham Wood Solid Wood 2 SeaterFinish Color  Honey Finish DIYDoItYourself","29"
"ICECLOUD Smart Watch 2 Pins Magnetic Suction Charger Cable Compatible Charging Pad","29"
"VICTORY Medium Weight ( Pack of 1 ) Rubber Cricket Tennis Ball Cricket Rubber Ball??????(Pack of 1)","29"
"3D METRO SUPER STORE METROMIXER Pro 0 Juicer 1 Jar Multicolor","28"
"vesco Kiddo 14"" Cycle for Kids Bicycles age 3 to 5 Year Boys & Girls 14 T BMX CycleÐÓ®ÐÂ ÐÓ®ÐÂ (Single Speed, Blue)","28"
"HP 803 Small Black Ink Cartridge","27"
"Women Solid Winter Coat","27"
"PHILIPS AC121720 Portable Room Air PurifierWhite","27"
"POOWEREST Carbon Steel Collapsible WardrobeFinish Color  BLUE DIYDoItYourself","27"
"beaatho Luxury HIGH Back Leatherette Office with Steel Base and Warranty Leatherette Office Executive ChairBrown DIYDoItYourself","27"
"Bestie Toys Adjustable kids Suitable Quad Roller Skates - Size 6 to 12 UK??????????(Red)","26"
"Unstitched Polycotton Shirt  Trouser Fabric Printed","26"
"PUHBRHY Steel Electric Meat Grinders for Kitchen Food Chopper, Meat, Vegetables, 700 W Food Processor??????????(Multicolor)","26"
"Jaspo Brillient Intact Senior Skates Combo (skates+helmet+knee+elbow+bag)suitable for age 6 to 14 years Skating Kit","26"
"BhCarpet Red Acrylic Carpet150 cm  X 200 cm Rectangle","26"
"CELLBELL Aries C160 High Back Mesh Office Adjustable Arm ChairBlack DIYDoItYourself","25"
"CHETANYA LOOMTEX Green Polypropylene River Grass Carpet40 cm  X 60 cm Rectangle","25"
"SSC General Awareness Book For SSC CGL CHSL CPO And Other Govt ExamsPaperback StudyIQ Publications","25"
"Ponmani Power Plus Tilting Wet Grinder?ÐÒÐÒ?ÐÒÐÒ(Red)","25"
"Ace Banking And Static Awareness Book Latest English Printed EditionPaperback Adda247 Publications","25"
"Das Dexter Engineered Wood TV Entertainment UnitFinish Color  Flowery Wenge DIYDoItYourself","25"
"Sharp Air Purifier for Homes  Offices  Dual Purification  ACTIVE Plasmacluster Technology  PASSIVE FILTERS True HEPA H14 in EN1822 type CarbonPreFilter  Captures 9997 of Impurities  ModelFPF40EW  White Portable Room Air PurifierWhite","25"
"Romper For Baby Boys Casual Printed Pure CottonMulticolor Pack of 1","25"
"Candes 60 L Room/Personal Air Cooler??????(White, Black, CRETA)","25"
"Voltas Beko DT8S Free Standing 8 Place Settings Dishwasher","24"
"Demya king of steel Solid wood Desk ChairFinish Color  RED Preassembled","24"
"Indigo Creatives Swimming Set of Cap Goggles Float & Ear Plugs Kit For Kids Swimming Kit","24"
"Lifelong Falcon 26 T with Disc Brake and Suspension , Matte Black 26 T Road CycleÐÓ®ÐÂ ÐÓ®ÐÂ (Single Speed, Black)","24"
"Hari Darshan Mix Cones  Dry Dhoop Sticks LavenderRoseSandalMogra Sandal Rose Lavender Jasmine Dhoop","24"
"Inalsa Inox 1000 Plus 1000 W Food Processor??????????(Black/Silver)","23"
"BAJAJ FX 11 Food Factory 600 W Food Processor??????????(White)","23"
"Strauss Swimming Kit | Swimming Goggles | Swimming Cap | Swimming Accessories Swimming Kit","23"
"ULTRA Mini Wet Grinder?ÐÒÐÒ?ÐÒÐÒ(Purple, White)","23"
"Auto Hub Waterproof Two Wheeler Cover for HeroGlamour Red","23"
"MOOZMOB Shower Laser LightBall Diameter 3 cm","23"
"Educart CBSE Class 10 Sample Papers 202223 Bundle  Science SST And Mathematics Standard 3 Books 2023 EdubookPaperback Educart  Sanjiv Sir","23"
"Elgi Ultra FASTGRIND Wet Grinder?ÐÒÐÒ?ÐÒÐÒ(Red, White)","22"
"Lakshmi ez Wet Grinder?ÐÒÐÒ?ÐÒÐÒ(Maroon)","22"
"Lenovo IdeaPad 3 Celeron Dual Core - (8 GB/256 GB SSD/Windows 11 Home) 81WQ00MQIN|81WQ00NXIN LaptopÐÒ?ÐÓ®ÐÂ ÐÒ?ÐÓ®ÐÂ (15.6 Inch, Platinum Grey, 1.7 Kg, With MS Office)","22"
"Inalsa Maxie Marvel 800 W Food Processor??????????(White)","22"
"PHILIPS by Phlips HR188781 150 Juicer 1 Jar White","22"
"CRAFTIFY ISI Mark Spiral 2000 W Immersion Heater RodWater","22"
"QUANTUM QHM9850 Mechanical Keyboard Wired USB Gaming KeyboardÐÒ?ÐÓ®ÐÂ ÐÒ?ÐÓ®ÐÂ (Grey, Black)","21"
"Qiisx Motorcycle Detachable Mask Goggle Outdoor Bicycles Dirtbike Goggles Windproof Moto Open Face Helmet Cross Masks Glasses Bike Off-Road Racing Glasses Motorcycle Riding Goggles Off Road Riding Color Eye wear Glasses Full Face Mask Goggles Bike Off-Road Racing Glasses Blowtorch Safety Goggle Blowtorch  Safety Goggle??????(Free-size)","21"
"USHA 3815 HI Water Proof 15KW 1500 W Immersion Heater Rodwater","21"
"Saral Home Grey Cotton Runner70 cm  X 200 cm Rectangle","21"
"DaduGirase Cleaning Brush Feather Microfiber Duster with Extendable Rod Dust Cleaner Wet and Dry Duster","21"
"SIE STORE Solid Single Comforter for  Mild WinterMicrofiber Maroon  Grey","21"
"bandhan WLRB5 Pendants Ceiling LampOrange","21"
"BOSCH SMS24AW00I Free Standing 12 Place Settings Intensive Kadhai Cleaning| No Pre-rinse Required Dishwasher","20"
"VIBOTON HDMI Switch 2 Port Bi-Directional Manual HDMI hub 2 in 1 Out or 1 in 2 Out Splitter converter Support 4K HD 3D 1080P ( HDMI Cable Not included) Media Streaming Device????(Black)","20"
"HF MRF GRAND EDITON VK-18 ( Ideal For 15-21 Years) Hard Plastic bat for tennis ball PVC/Plastic Cricket  Bat??????(800-900 g)","20"
"FITUP ????? iPhone And Type C Supported K8 Wireless Microphone Lapel Mic System for YouTube Facebook Live Stream TikTok Video Recording Vlog Plug & Play Lavalier Noise Reduction No APP & Bluetooth Needed Collar Mic??????(Black)","20"
"Lopezs Microfiber Floor MatGrey23mm Medium","20"
"Sparrow world Dark Blue Cotton Runner210 cm  X 155 cm Rectangle","20"
"J K INTERNATIONAL High quality Skating in-line Shoe have different size and with PU LED wheel In-line Skates - (Red) In-line Skates - Size 6-9 UK??????????(Red)","20"
"Faber Hood Mercury Pro HC SC FL BK 60 Auto Clean Wall Mounted Chimney??????(Black 1200 CMH)","20"
"AVSRETAIL AVS RETAIL Black swimming cap with swimming goggle Swimming Kit","20"
"Preethi WG 907 Wet Grinder?ÐÒÐÒ?ÐÒÐÒ(Purple, White, Silver)","19"
"BBD Special Edition Quantitative Aptitude For Competitive Examinations Fully Revised Video Edition 2022Paperback R S Aggarwal","19"
"SUSI Small plant growth Grow Bag","19"
"Baby Boys  Baby Girls Printed Ankle LengthPack of 6","19"
"Flipkart SmartBuy SLICK Multi Angle Mobile Stand. Phone Holder. Portable,Foldable Cell Phone Stand.Perfect for Bed,Office, Home,Gift and Desktop (White) Mobile Holder","19"
"Delite Kom Flex Engineered Wood TV Entertainment UnitFinish Color  Acacia DarkWhite DIYDoItYourself","19"
"ROYAL RJ Round Electric USB Mini Humidifier Aroma Oil Diffuser Air Humidifier Office ROOM Room Air PurifierBOWN","18"
"Sarvatr  4 Blade Fan Shape LED Light Bulb 28W and B22 Holder with Ultra Bright White Pendants Ceiling LampWhite","18"
"Hafele Aqua 12S Free Standing 12 Place Settings Intensive Kadhai Cleaning| No Pre-rinse Required Dishwasher","18"
"Ponmani Nano Tech Wet Grinder?ÐÒÐÒ?ÐÒÐÒ(Multicolor)","18"
"MOTOROLA MOTODW12PS Free Standing 12 Place Settings with UV Sterilisation, Flexi Rack, Low Decibel Wash Dishwasher","18"
"Medaline 250 Watt Ultra Thin Slim Ip66 LED Flood Outdoor Light Cool White Waterproof 200WPack of 1 Flood Light Outdoor LampBlack","18"
"Moonstruck SEABREEZE DELUX COMBO PACK mixer and iron 550 watt 550 Juicer Mixer Grinder 2 Jars Multicolor","18"
"SUJATA POWERMANIC WITH ALUMINIUM BASED COMMERCIAL JUG POWERMATIC 900 Juicer 1 Jar White","18"
"Lenon 5 Pair Soft Silica Gel Noise Reduction for Sleeping/Meditation/Swimming Adult Ear Plug??????????(Multicolor)","18"
"Tomex Grey Plastic Broom Holder5 Holders","17"
"Inalsa Verve 800W Food Processor with 100% Pure Copper Motor| 2 Multipurpose Jars & 11 Accessories 800 W Food Processor??????????(Black/Rose Gold)","17"
"Preethi WG-905 Wet Grinder?ÐÒÐÒ?ÐÒÐÒ(Purple)","17"
"Cherry Wood Rosewood Sheesham Solid Wood 4 Seater Dining SetFinish Color Teak Finish DIYDoItYourself","17"
"DV NOVAKING 1500 WATT IMMERSION ROD 1500 W Shock Proof Immersion Heater RodWATER","17"
"Pick Ur Needs 1 LEDs 015 m Multicolor Rice LightsPack of 1","17"
"Yutiriti 10 Pc Round Hanging Ball Paper Lantern Multicolor Paper Hanging Lantern25 cm X 25 cm Pack of 10","17"
"Briqre Victory Nutri Blend 20000 RPM Mixer Grinder 500 Juicer Mixer Grinder 2 Jars White","17"
"Syska SSKRDLR12W6500K Ceiling Light Ceiling LampWhite","16"
"Choose The Correct ?? LED Music Bulb with Bluetooth Speaker Music Color changing led Bulb, DJ Lights with Remote Control Music Dimmable for Home, Bedroom, Living Room, Decoration smart bulb with Google, Alexa & Siri Assistant Smart Speaker??????(Multicolor)","16"
"Romper For Baby Boys Casual Printed Pure CottonGrey Pack of 1","16"
"VEDRID 10Watt LED Ceiling Down Light White Round Pack of 12 Recessed Ceiling LampWhite","16"
"SB 30 W 4 A Mobile 30W -VOOC,DART,FLASH with Type-C Cable Charging Adapter Travel Fast DH078 Charger with Detachable Cable?ÐÒÐÒ?ÐÒÐÒ(White, Cable Included)","16"
"Educart CBSE Class 10 Sample Papers 202223 Bundle  Science And Mathematics Standard 2 Books 2023 EdubookPaperback Educart  Sanjiv Sir","16"
"VARDHMAN Velcro tape industial quality , 2 inches ( 50 m ) width,color black, pack of 5 mts Sew-on Velcro??????(Black)","16"
"MRF (SIZE-6) TANNIS WOODEN KASHMERI POPULER WILLOW Poplar Willow Cricket  Bat??????(0.3 kg)","16"
"SMBT Anti Theft System Security Pad Lock with Burglar Smart Alarm Siren Motion Sensor Secure for Home Door gate Cycle Shop Bike Office Shutter Safety Lock Safety LockBlack","16"
"WONDERCHEF Nutri Pot Electric Pressure Cooker??????(3 L, Black & Silver)","15"
"Faber FFSD 6PR 12S Neo Free Standing 12 Place Settings Intensive Kadhai Cleaning| No Pre-rinse Required Dishwasher","15"
"DDecora Combo Of 450 ML Vegetable Chopper StainlessSteel Whisk and MasherPack Of 3 Vegetable  Fruit Chopper3","15"
"DIXON Leather Skate Shoes with Carry Bag, Unisex Quad Roller Skates - Size 7??????????(Multicolor)","15"
"VICTORY Cricket Wind Ball (Pack of 1) - Made in India Smooth Cricket Cricket Synthetic Ball??????(Pack of 1)","15"
"PF With Pickfully Cotton Solid Chair Pad Pack of 2Blue","15"
"Omi Cart 2 in 1 Floor Brush Scrubber with Long Handle PlasticGreen","15"
"F8WARES 14inch Reusable Dishwashing Industrial Gardening Cleaning Rubber Hand Gloves Wet and Dry Glove??????(Large)","15"
"SQUARO ONLINE STORE Unbreakable Setup Box stand/WiFi Router/DTH Telephone/Mobile Shelf/Holder Acrylic Wall Shelf??????(Number of Shelves - 1, White, Black)","15"
"NISE RLDO500 Trendy  Stylish  Made of MDF engineered wood Desk ChairFinish Color  Red DIYDoItYourself","14"
"Midea WQP8-3802D Free Standing 8 Place Settings Intensive Kadhai Cleaning| No Pre-rinse Required Dishwasher","14"
"7SEVEN Airtel DTH Remote Airtel Xstream Remote Compatible with SD and HD Recording Compatible for original Set top or Setup Box Digital tv Remote Control AIRTEL Set Top Box, AIRTEL Xstream - Android TV Set Top Box Remote Controller??????(Black)","14"
"UPC Upgraded HandsFree Squeeze Microfiber Flat Spin Mop System 360 Flexible Head Flat MopGreen","14"
"SQUARO ONLINE STORE Unbreakable Setup Box stand/WiFi Router/DTH Telephone/Mobile Shelf/Holder Acrylic Wall Shelf??????(Number of Shelves - 1, Black)","14"
"Krishna Creation Laptop table 1004 Wood Portable Laptop Table Finish Color  Black Pre Assembled Solid Wood Study TableFinish Color  black DIYDoItYourself","14"
"RBGIIT Silicon Dish Washing Gloves For Kitchen Scrubbing Pet Grooming Car Bathroom Wet and Dry Glove SetMedium Pack of 2","14"
"LUXOR All-In-One Stationery & Art Kit","13"
"BAJAJ 410053 600 W Food Processor??????????(Multicolor)","13"
"KL-TECH Dth direct to home DD Free Dish Set Top Box Receiver Free to Air for (DTH-MPEG2) Media Streaming Device????(Black)","13"
"SOFTSPUN Microfiber Vehicle Washing  SpongePack Of 6 340 GSM","12"
"Authfort Roller Skates Shoes For Kids / Childrens - UNISEX Size 4-8 UK (Multicolor) Quad Roller Skates - Size 4-8 UK??????????(Multicolor)","12"
"NEFI WiFi Wireless Display Dongle 1080P Wireless HDMI Screen Mirror WiFi Dongle Display TV Dongle Receiver 1080P Easy Sharing Wireless Streaming [Upgraded Version] Media Streaming Device????(Black)","12"
"Zoby Fabric SofaFinish Color  Blue Preassembled","12"
"UPSC Prelims Previous Year Question Papers Last 25 Years GS1 UPSC Previous Year Question Papers Book By StudyIQPaperback StudyIQ Publications","12"
"KENT Vegetable Cleaner - Counter Top 250 W Food Processor??????????(Silver, Black)","12"
"GUBB Silicone Ear Plugs For Noise Reduction For Studying, Sleeping & Meditation Pack of 3 Ear Plug??????????(Orange)","12"
"TXOR NEXUS with Heart Rate & BP Monitor 35mm Screen Black SmartwatchÐÒ?ÐÓ®ÐÂ ÐÒ?ÐÓ®ÐÂ (Black Strap, Standard)","12"
"Chipku Sticky Trap Non Toxic and Chemical Free Fly TrapInsect CatcherSticky Pads for Insects Whiteflies Aphids Leaf Minor10 x 1 Units","11"
"BeeSmart Semi Automatic Water Level Controller Manual on Auto Off 30 A Relay Model BEEWLC2 Wired Sensor Security System","11"
"Sowbaghya SAWG01P Wet Grinder?ÐÒÐÒ?ÐÒÐÒ(Pink)","11"
"Jaspo Black Duck Fibre (26"" X 6.5"") Fully Assembled Skateboard (Suitable for All Age Group) - RED DEVIL 26.5 inch x 6.5 inch Skateboard??????????(Multicolor, Pack of 1)","11"
"LURAGS Diamond natural brown set of 6 stumps with bails??????????(Brown)","11"
"GaxQuly Multipurpose Vegetable Fruit Handy Chopper Machine with stainless steel blade Black Dori Pull Hand Master Chopper Manual Quick Onion Chopper for Kitchen 900ml 0 Juicer 1 Jar Black","11"
"Rock Crawler Waterproof Remote Controlled Rock Crawlerr RC Monster Truck (Blue)?ÐÒÐÒ?ÐÒÐÒ(Blue)","11"
"classiconline Wall Mount Corner 5 Tier Engineered Wood Display UnitFinish Color  Brown Preassembled","11"
"Chipku Yellow Sticky TrapInsect TrapGlue Trapfor Whiteflies Thripsfor Garden  Farm Pack Of 20 Traps20 x 1 Units","11"
"Mayne Exceed Helicopter With Remote Control Charging Helicopter Toys for Girls Boys?ÐÒÐÒ?ÐÒÐÒ(Multiple Random)","10"
"LG DFB424FW Free Standing 14 Place Settings Intensive Kadhai Cleaning| No Pre-rinse Required Dishwasher","10"
"LA VERNE Floral Double Mink Blanket for  Heavy WinterWoollen Blend Multi 2","10"
"NIVIA UNI-MASK Swimming Goggles??????????(White)","10"
"NOVICZ Swimming Goggle + Cap + Ear Nose Plug Combo - Swim Glass Head Hair Protection Swimming Kit","10"
"Philips 3000 Series AeraSense  Air Purifier AC3256White","10"
"icrush Set Top Box Stand TV Entertainment Unit Black  red Engineered Wood TV Entertainment UnitFinish Color  Black and white DIYDoItYourself","10"
"Furnifry Floating wall mounted tv standSet Top Box HolderTV Unit for living room Engineered Wood TV Entertainment UnitFinish Color  Black  White DIYDoItYourself","10"
"Flipkart SmartBuy Microfibre Stripes Cushion Pack of 5White","10"
"Rihishtoys Quad Roller Skate shoes 4 wheel adjustable for boys girls kids age 6 to 11 years Quad Roller Skates - Size NA UK??????????(Black)","10"
"RSV Jewelery OrganizersRed Black Plastic","10"
"SAMSUNG DW60M5042FS/TL Free Standing 13 Place Settings Dishwasher","10"
"DOJI 6 watt colorWarmWhitespot lightfocus lightwall light Track Lights Ceiling LampMulticolor","10"
"DALUCI Set Top Box Stand / WIFI Router Stand / Wall Mount Stand / Wifi Holder MDF (Medium Density Fiber) Wall Shelf??????(Number of Shelves - 2, Black)","10"
"Siemens SN26L201IN/SN256W01GI Free Standing 12 Place Settings Dishwasher","10"
"SONY XM-N1004 Multi Class AB Car Amplifier","10"
"Supreme Bazaar Abs Setup Box Holder Unbreakable Crystal Clear Premium Quality Set of Box Stand/Dth Stand Plastic Wall Shelf??????(Number of Shelves - 1, Clear)","10"
"Butterfly Cresta 4 Jars 750 W Food Processor??????????(Turquoise Green)","10"
"BAJAJ FX7 600 W Food Processor","10"
"TYF CRICKET BAT POPLAR WILLOW FULL SIZE CRICKET BAT Poplar Willow Cricket Bat Poplar Willow Cricket  Bat??????????((900-1000 g) g)","10"
"Unstitched Polycotton Shirt Fabric Printed","9"
"Google Chromecast with TV (4K) Media Streaming Device????(Snow)","9"
"the indian casa Cricket Net 10x20 Feet Nylon Cricket Boundary And Practice Net (Green) Cricket Net??????(Green)","9"
"Acnos Wood Portable Laptop TableFinish Color  Pink","9"
"FOZIA Fabric SofaFinish Color  Red Preassembled","9"
"Saral Home Brown Polyester Runner45 cm  X 120 cm Rectangle","9"
"ZunVolt Power MG5 500 Mixer Grinder 3 Jars White","9"
"FAVOURITE MALL Multimedia Ampli Tube Guitar Interface Adaptor for iPhone/iPod/ipad (Black colour) irig??????(Black colour)","9"
"Faber FFSD 8PR 14S Free Standing 14 Place Settings Intensive Kadhai Cleaning| No Pre-rinse Required Dishwasher","9"
"SportSoul Cotton Gym & Athletic Abdomen Support??????(Grey, Blue)","9"
"Auto Hub Car Cover For Maruti Suzuki WagonR With Mirror PocketsBlack Silver For 2018 2019 2020 2021 2022 Models","9"
"Faber FFSD 6PR 12S Neo Black Free Standing 12 Place Settings Dishwasher","9"
"SUSI by SUSI Jewelery OrganizersWhite Black Plastic","9"
"Birdie PVC Enema kit satvik movement 1.5 Litre | Improved Model enema kit for home use Medical Equipment Combo","9"
"MAHARAJA WHITELINE Mark1 Classic  JE106  450 W Juicer 1 Jar Red White","9"
"Kamni Sports Premium Swimming Combo of Silicone Swim Cap, Goggles, Nose Clip & Ear Plugs Swimming Kit Swimming Kit","9"
"Jaspo Black Duck Fibre (26"" X 6.5"") Fully Assembled Skateboard (Suitable for All Age Group) - SKATIE BONES 26.5 inch x 6.5 inch Skateboard??????????(Multicolor, Pack of 1)","9"
"SOS JOVO IP Dual Antenna WiFi CCTV CAMERA Wireless HD IP Security Camera CCTV Supports up to 64 GB SD card Fully Night Vision Smart Monitoring System Compatible With Mobile  Tablet Security Camera64 GB 1 Channel","9"
"AGARO Caspian Cool Mist Ultrasonic Humidifier Super Quiet Auto Shut Off Room Air PurifierWhite","9"
"D&V ENGINEERING 2 Compartments Iron Remote control holder /stand /organizer for TV AC DTH STB Remotes for living room showpiece??????(Black, Green, Pink)","9"
"PARTY BREEZE Solid Golden and blue Happy Birthday Decoration Combo Kit with Banner Balloonscrown foil 51pcs for Birthday Decoration BoysGirlHusband Wife Girl Friend Adult blue 51pcs Set of 51 BalloonBlue Gold Silver Pack of 51","9"
"Pick Ur Needs Bluetooth LED Bulb Colourful Builtin Audio Speaker Music Player With Remote Single Disco BallBall Diameter 6 cm","9"
"Mayne Exceed Helicopter With Remote Control Charging Helicopter Toys for Boys Yellow?ÐÒÐÒ?ÐÒÐÒ(Yellow)","9"
"Sheen Shine Microfiber Vehicle Washing  ClothPack Of 3","9"
"38024PP25 Minimalists Analog Watch   For Men","9"
"Ponmani Power Wet Grinder?ÐÒÐÒ?ÐÒÐÒ(Red)","9"
"HOFFICE Engineered Wood Study TableWall Mounted Finish Color  African Oak DIYDoItYourself","9"
"THE MORNING PLAY ?????? HIGH Quality Goggles Silicone Cap 1 Nose Clip + 2 Ear Plugs BLUE-WHITE Swimming Kit","9"
"My First Picture Library Box Of 10 Board Books PreSchool Books  Gift Set For KidsBoard book Sawan","9"
"DIXON Leather Skate Shoes with Carry Bag, Unisex Quad Roller Skates - Size 2??????????(Multicolor)","8"
"Butterfly Magic Fruit & Vegetable Cleaner 250 W Food Processor??????????(White)","8"
"Supreme Plastic Rocking ChairFinish Color  RedYellow DIYDoItYourself","8"
"TOBY Baby desk kids study table and chair height adjustable Metal Desk ChairFinish Color  pink DIYDoItYourself","8"
"SpinBot BattleMods NinjaX For BGMI,PUBG,COD Free Fire  Gaming Accessory KitÐÒ?ÐÓ®ÐÂ ÐÒ?ÐÓ®ÐÂ (Black, For Android, iOS)","8"
"BAJAJ Masterchef 3.0 food processor 600 W Food Processor??????????(White)","8"
"AutoPowerz LED Daytime Running Light for Universal For Bike","8"
"DENICRAAS Pendants Ceiling LampBlack","8"
"AutoPowerz Car Dash Strobe Flash Warning Light Police Car Styling Lamp Car Fancy LightsRed Blue","8"
"SBI Bank PO 16 Yearwise Preliminary  Mains Solved Papers 2021  13 3rd EditionPaperback Disha Experts","8"
"SAMSUNG DW60M5042FW/TL Free Standing 13 Place Settings Dishwasher","8"
"ESET Total Security 30 User 1 YearCDDVD","8"
"ArrowMax HIGH Quality Goggles Silicone Cap 1 Nose Clip + 2 Ear Plugs Swimming Kit Swimming Kit","8"
"PHILIPS hl 1660 700 W Food Processor??????????(White)","8"
"Alex Daisy Universal Plastic Desk ChairFinish Color  Pink  White DIYDoItYourself","8"
"Pearl World Fabric SofaFinish Color  Glossy Preassembled","8"
"Party clue Printed Happy Birthday Combo 61 Pcs Birthday Banner Golden Curtain Confetti Ballons With BalloonBlack Gold Pack of 61","8"
"Inalsa Wonder Maxie Plus 700 W Food Processor??????????(White)","8"
"OLIVETTI PR2 Ribbon Pack Of 10 Black Ink Cartridge","8"
"LS2727 Avatar Day and Date Functioning Crocodile Strap Analog Analog Watch   For Men","8"
"AutoPowerz Car Interior Ambient Star Lights Multicolor with Music Control Star Atmosphere Light Car Fancy Lights Multicolor Car Fancy LightsMulticolor","7"
"DALUCI Waterproof Swimming Professional Silicone Earplugs Ear Plug??????????(Multicolor)","7"
"PEDPIX PED EWD 6046 3 ShelfSet Top Box Shelf StandTV Panel  Cabinet for HomeLiving RoomDrwing Room Engineered Wood TV Entertainment UnitFinish Color  VENGE DIYDoItYourself","7"
"Candes 12 L Room/Personal Air Cooler??????(White, Black, Elegant High Speed-Honey Comb Cooling Pad & Ice Chamber, Blower)","7"
"Solutions24x7 Swimming Cap??????????(Pink, Pack of 4)","7"
"Indigo Creatives Large Size Swimming Ring With Cap,Goggles, Nose and Ear Plug Kids Set Kit Swimming Kit","7"
"WONDERCHEF Nutri-blend FP-Compact 350 W Food Processor??????????(Black)","7"
"SPEEDO Unisex-Adult Plain Flat Silicone Swimming Cap??????????(Blue, Pack of 1)","7"
"Joker GBLK-6 Genuine leather safety shoes for men Steel Toe Genuine Leather Safety Shoe??????(Black, SB, SBP, S1, S1P, S2, S2P, S3, S4, S5, SRA, SRB, SRC)","7"
"KENT 16079 - Wet Grinder Wet Grinder?ÐÒÐÒ?ÐÒÐÒ(White)","7"
"StarAndDaisy Plastic Study TableFinish Color  Pink DIYDoItYourself","7"
"Auto Hub Car Cover For Renault Kwid Without Mirror PocketsMulticolor","7"
"Giftoshopee Wooden  Iron Rocking Chair Garden Rocking Chair Solid Wood 1 Seater Rocking ChairsFinish Color  BROWN DIYDoItYourself","7"
"Tata Sky (Works with all TV) Tatasky set top box, Tatasky SD set top box, Tatasky HD set top box, Tatasky DTH Setup box Remote Controller??????(Black)","6"
"Auto Hub Car Cover For Maruti Suzuki Swift Dzire With Mirror PocketsBlack Blue","6"
"Spherix Plain White PVC ID Cards For InkJet Printers - Set of 230 Single Color Ink Cartridge (Grey) Tri-Color Ink Cartridge","6"
"ESET Total Security 10 User 1 YearCDDVD","6"
"Inalsa Maxie Premia 800 W Food Processor??????????(Grey PU Spray Painted)","6"
"Unicrafts Shelf OrganizersBlack Cotton","6"
"Skylofts Soft Silicone Noise Reduction Ear Plugs for Sleeping, Meditation, Swimming adult and child, Reusable Earmuff for Travel Flights (Pack of 10) Ear Plug??????????(Multicolor)","6"
"PHILIPS GC52360 1600 W Garment SteamerGold Water","6"
"ANTIOUE MART Wooden Set Top Box Stand Wall Mounted TV Cabinets Wall Selves Holds Speaker, Cable Boxes, Streaming Device, Game Console, Remote Wooden Wall Shelf????(Number of Shelves - 3, Brown)","6"
"migwow Stunt Car 360?ÐÒÐÑrotating rolling radio control electric race car, (Blue)?ÐÒÐÒ?ÐÒÐÒ(Blue)","6"
"CGul Cloth Stand  Cupboard and Almirah Carbon Steel Collapsible Wardrobe Carbon Steel Collapsible WardrobeFinish Color  Maroon DIYDoItYourself","6"
"Rudra creations Metal Desk ChairFinish Color  Blue DIYDoItYourself","6"
"mobspy 3.5mm Clip Microphone For Youtube | Collar Mic for Voice Recording | Lapel Mic Mobile, PC, Laptop, Android Smartphones, DSLR Camera Microphone Microphone collar micÂ Â (Black)","5"
"Stylish Brown Sports Men Watches Multifunctional Luxury Waterproof Modern Digital Watch   For Men","5"
"LA VERNE Self Design Double Mink Blanket for  Heavy WinterWoollen Blend Pink","5"
"Auto Hub Two Wheeler Cover for TVSJupiter Black","5"
"NEELAM KAVA002 Metal Desk ChairFinish Color  RED Preassembled","5"
"PHILIPS HL1661/00 700 W Food Processor??????????(White)","5"
"CHARDI KALA Set Top Box / DTH Stand - Wall Mount Stand / Wifi Router Stand, Color : Black (Ideal for All Type of Set Top Box) Cast Iron Wall Shelf (Number of Shelves - 1, Black) Cast Iron Wall Shelf??????(Number of Shelves - 1, Black)","4"
"MAHARAJA WHITELINE Fortune FP - 102 600 W Food Processor??????????(White & Mystic Blue)","4"
"Sai Store Light Blue Cotton Carpet150 cm  X 210 cm Rectangle","4"
"HAVELLS convenio 500 W Food Processor??????????(Black)","4"
"AutoPowerz Led Strip Trunk  Dicky  Boot  Tail Lights Streamer Brake Turn Signal Light Car Fancy LightsMulticolor","4"
"X ZINI Infrared Induction Helicopter Sensor Aircraft USB Charger 2 in 1 Flying Helicopter with Remote Control (Blue -color may vary)?ÐÒÐÒ?ÐÒÐÒ(Blue)","4"
"LS2917 Mesh Strap All Black Avatar Day and Date Functioning Quartz Analog Watch   For Men","2"
